cluster	domain	n_genes
1	zf-C2H2_4	44
1	zf-C2H2	43
1	LRR_8	35
1	LRR_4	34
1	zf-H2C2_2	34
1	LRR_1	33
1	zf-C2H2_6	26
1	LRR_6	24
1	zf-C2H2_jaz	23
1	LRR_9	22
1	Collagen	20
1	EGF	20
1	zf-met	20
1	zf-C2H2_16	19
1	LRR_LRWD1	17
1	hEGF	17
1	LRR_NXF1-5	16
1	zf-H2C2_5	16
1	7tm_1	15
1	LRR_14	15
1	LRR_EndoS	15
1	cEGF	15
1	EGF_Teneurin	14
1	LRR_5	14
1	zf-C2H2_ZN142	14
1	EGF_2	12
1	EGF_3	12
1	zf-C2H2_11	12
1	zf-C2H2_15	12
1	zf-Di19	12
1	C2CH-3rd_BIRD-IDD	11
1	Kelch_1	11
1	PAN_1	11
1	zf-C2H2_7th_ZNF462	11
1	zf-C2H2_CASZ1	11
1	DUF7565	10
1	EGF_TEN	10
1	zf-C2H2_ZNF462_1st	10
1	Beta-prop_Calicin	9
1	Beta-prop_FBX42	9
1	EGF_PEAR1L	9
1	FXa_inhibition	9
1	Kelch_2	9
1	Zf-C2H2_ZNF451	9
1	Zn_ribbon_Elf1	9
1	Beta-prop_ATRN-LZTR1	8
1	Kelch_KLHDC2_KLHL20_DRC7	8
1	LRR_R13L1-DRL21	8
1	PAN_4	8
1	Zap1_zf1	8
1	Zn_SUZ12	8
1	zf-C2H2_2	8
1	zf-C2H2_3rep	8
1	zf-C2H2_8	8
1	zf-C2HC_2	8
1	EGF_DL_JAG	7
1	JAG1-like_EGF2	7
1	Kelch_FKB95	7
1	NANM	7
1	Zf-C2H2_ZNF451_C	7
1	Zn_ribbon_8	7
1	Activin_recp	6
1	Beta-prop_EML_2	6
1	Beta-prop_IFT122_1st	6
1	Beta-prop_THOC3	6
1	Cadherin_C_2	6
1	Death	6
1	EGF_CA	6
1	Fez1	6
1	Laminin_G_3	6
1	Sushi	6
1	WD40	6
1	WD40_Prp19	6
1	bZIP_1	6
1	zf-C2H2_REST	6
1	zf_UBZ	6
1	Actin_micro	5
1	Beta-prop_TYW4	5
1	Beta-prop_WDR36-Utp21_1st	5
1	Beta-prop_WDR3_1st	5
1	Beta-prop_WDR3_2nd	5
1	BolA	5
1	C2H2-zf_KIN17	5
1	DUF1664	5
1	DUF5810	5
1	DUF7066	5
1	DUF7128	5
1	EF-hand_1	5
1	EIF3I	5
1	FKBP15	5
1	PAN_2	5
1	PyrI_C	5
1	Rab11-FIP3	5
1	WD40_WDHD1_1st	5
1	Zf-C2H2_ZNF451_1st	5
1	Zf-C2H2_ZNF451_2nd	5
1	Znf-C2H2_ZNF142	5
1	zf-BED	5
1	zf-C2H2_ZNF142_18	5
1	zf-C2HE	5
1	7TM_GPCR_Srw	4
1	ANAPC4_WD40	4
1	Beta-prop_EIPR1	4
1	Beta-prop_RIG_2nd	4
1	Beta-prop_WDR5	4
1	Beta-prop_WDR75_1st	4
1	Beta-prop_WDR90_POC16_2nd	4
1	C1_4	4
1	CBM_14	4
1	CCDC39	4
1	DUF7479	4
1	DUF8112	4
1	EF-hand_6	4
1	EF-hand_8	4
1	Ig_3	4
1	Kelch_HCF	4
1	LRRNT	4
1	LRR_At5g56370	4
1	LRR_Zer-1	4
1	PAN_3	4
1	Plasmod_Pvs28	4
1	UPAR_LY6	4
1	V-set	4
1	WD40_CDC20-Fz	4
1	WD40_MABP1-WDR62_2nd	4
1	WDR55	4
1	ZapB	4
1	Zn-C2H2_12	4
1	Zn_ribbon_SprT	4
1	fn3	4
1	zf-C2H2_DHX34	4
1	zf-MYST	4
1	zf-Sec23_Sec24	4
1	zf_C2H2_ZHX	4
1	zf_DPOE_2	4
1	AAA_13	3
1	ATG16	3
1	B129_C2H2-zf	3
1	BTB	3
1	Beta-prop_ACSF4	3
1	Beta-prop_CAF1B_HIR1	3
1	Beta-prop_DCAF4	3
1	Beta-prop_EML	3
1	Beta-prop_SCAP	3
1	Beta-prop_TEP1_2nd	3
1	Beta-prop_VPS8	3
1	Beta-prop_WDR36-Utp21_2nd	3
1	C1_1	3
1	CCDC89	3
1	CC_Bre1	3
1	CD34_antigen	3
1	CPxCG_zf	3
1	DUF4407	3
1	DUF629	3
1	DUF7129	3
1	DUF7410	3
1	DUF7491	3
1	DUF948	3
1	EF-hand_5	3
1	EF-hand_7	3
1	EF-hand_STIM1	3
1	EGF_MSP1_1	3
1	EGF_laminin	3
1	GAGA	3
1	Ge1_WD40	3
1	HRM	3
1	HVO_2753_ZBP	3
1	HVO_2901	3
1	HypA	3
1	I-set	3
1	Ig_2	3
1	LIM	3
1	LRR_13	3
1	LRR_At1g61320_AtMIF1	3
1	LRR_TMOD-LMOD	3
1	Lectin_C	3
1	NBCH_WD40	3
1	Orf78	3
1	PHD	3
1	PHD_ash2p_like	3
1	QVR	3
1	RsmF_methylt_CI	3
1	TFIIA	3
1	TMEM154	3
1	TPR_MLP1_2	3
1	Toxin_TOLIP	3
1	WD40_MABP1-WDR62_1st	3
1	WDR90_beta-prop_4th	3
1	zf-C2H2_12	3
1	zf-C2H2_7	3
1	zf-C2H2_OTU1_C	3
1	zf-C2H2_ZNF462	3
1	zf-KKT2_KKT3	3
1	zf_C2H2_ZNF292	3
1	7TM_GPCR_Srsx	2
1	7TM_GPCR_Srx	2
1	ADGRF3_N	2
1	ADIP	2
1	ARS2	2
1	ASFV_J13L	2
1	Adeno_E3_CR2	2
1	Ank	2
1	Ank_3	2
1	Ank_4	2
1	Ank_5	2
1	Ank_KRIT1	2
1	Beta-prop_Aladin	2
1	Beta-prop_IFT140_1st	2
1	Beta-prop_NWD2_C	2
1	Beta-prop_RIG_1st	2
1	Beta-prop_SPT8	2
1	Beta-prop_TEP1_C	2
1	Beta-prop_WDR41	2
1	Big_9	2
1	C1_2	2
1	C3orf18_N	2
1	CCDC113_CCDC96_CC	2
1	CCDC93_CC	2
1	CR_prot_dom_plant	2
1	Claudin_2	2
1	CpXC	2
1	DHU1_N	2
1	DUF2070	2
1	DUF2615	2
1	DUF3377	2
1	DUF4140	2
1	DUF4200	2
1	DUF5128	2
1	DUF7310	2
1	DUF753	2
1	DUF7560	2
1	DUF7830	2
1	DUF7838	2
1	DUF8118	2
1	DUF8429	2
1	DivIC	2
1	EB	2
1	EGF_ATRAID_C	2
1	EphA2_TM	2
1	Epigen_C	2
1	FN3_DSCAM-DSCAML_C	2
1	Fib_alpha	2
1	FlaC_arch	2
1	Golgin_A5	2
1	GpA_ATPase	2
1	HLH	2
1	HMG_box_2	2
1	Insulin_TMD	2
1	JIP_LZII	2
1	KASH_CCD	2
1	LRR_FBXL15	2
1	Laminin_G_2	2
1	Laminin_II	2
1	Ldl_recept_a	2
1	Leu_zip	2
1	LysM2_CERK1_LYK3_4_5	2
1	Mis12	2
1	Myo5a	2
1	NHL	2
1	NPV_P10	2
1	New_glue	2
1	PSI_induc_2	2
1	Prok-RING_1	2
1	PuhC	2
1	Pur_ac_phosph_N	2
1	RIFIN	2
1	RIM2a_ZnF	2
1	Rad50_zn_hook	2
1	Rod_CreS	2
1	Rubredoxin	2
1	Rv1322	2
1	SARAF	2
1	SET	2
1	SGL	2
1	SUEL_Lectin	2
1	Serpentine_r_xa	2
1	Sigma_reg_N	2
1	SlyX	2
1	T4SS_LegC2C7	2
1	TMEM52	2
1	TMIE	2
1	TNFR_c6	2
1	Ta0938	2
1	Tricorn_2nd	2
1	Tweety	2
1	UPAR_LY6_2	2
1	VEGFR1-3_N_Ig-like	2
1	VOMI	2
1	Vpu	2
1	WD40_RFWD3	2
1	YabA	2
1	YnfU	2
1	ZNF512_C2HC	2
1	ZNF512_zf-C2H2	2
1	Zn_ribbon_Dof	2
1	Zn_ribbon_GTF2H2	2
1	Zn_ribbon_IS1595	2
1	Zn_ribbon_TOP3B	2
1	Zn_ribbon_recom	2
1	Znf_C2H2_Trps1_1st	2
1	bZIP_2	2
1	ig	2
1	zf-BED_2	2
1	zf-C2H2_2nd_ZNF462	2
1	zf-C2H2_AcuF	2
1	zf-C2H2_ZFHX3	2
1	zf-C2H2_ZNF462_11	2
1	zf-C2H2_fungi_2	2
1	zf-C3HC4_2	2
1	zf-CHY	2
1	zf-LYAR	2
1	zf-MIZ	2
1	zf-RING_2	2
1	zf-RING_UBOX	2
1	zf-Tbcl_FmdE	2
1	zf-WRNIP1_ubi	2
1	zf_C2H2_10	2
1	zf_Hakai	2
1	zf_RING_Vps8	2
1	zf_ZIC	2
1	1-cysPrx_C	1
1	7TM_GPCR_Sru	1
1	7tm_4	1
1	AAA_19	1
1	AAA_22	1
1	AAA_7	1
1	ABC_tran_CTD	1
1	ADK_lid	1
1	ADNP_N	1
1	AF_1625_C	1
1	AF_2048_N	1
1	AIM3	1
1	ANAPC3	1
1	ANCHR-like_BBOX	1
1	ANG-1	1
1	ANKRD40_UBL	1
1	ANK_LRRK2	1
1	APC1_3rd_nematode	1
1	APG6_N	1
1	APP_E2	1
1	ARB_05566_C	1
1	ATP-synt_B	1
1	ATPase	1
1	ATPase_2	1
1	AcrIC5	1
1	Adenovirus-41_E3	1
1	Ank_2	1
1	Antistasin	1
1	Asd-4	1
1	Astro_VPg	1
1	Atg11_middle	1
1	Avidin	1
1	AvrM-A	1
1	B-prop_COPA_B_2nd	1
1	B12D	1
1	BACK	1
1	BAR_3	1
1	BBS2_Mid	1
1	BBS7_hp	1
1	BEGAIN_coil	1
1	BEN	1
1	BORA_N	1
1	BRE1B	1
1	BRF1	1
1	BRI3	1
1	BTBD16_C	1
1	Bac_DnaA	1
1	Baculo_11_kDa	1
1	Baculo_IE-1	1
1	Bcl-2	1
1	BclA_C	1
1	Bestrophin-like	1
1	Bestrophin_2	1
1	Beta-prop_DCAF12	1
1	Beta-prop_HPS5	1
1	Beta-prop_IFT140_2nd	1
1	Beta-prop_IFT80_2nd	1
1	Beta-prop_IP5PC_F	1
1	Beta-prop_KIB1-4	1
1	Beta-prop_NOL10_N	1
1	Beta-prop_NUP159_NUP214	1
1	Beta-prop_Nup120_160	1
1	Beta-prop_PLL	1
1	Beta-prop_RSE1_2nd	1
1	Beta-prop_Vps41	1
1	Beta-prop_WDR19_1st	1
1	Beta-prop_WDR19_2nd	1
1	Beta-prop_WDR35_TULP_N	1
1	Beta-prop_WDR75_2nd	1
1	Beta-prop_pof12	1
1	Big_6	1
1	C1-set	1
1	C1orf162	1
1	C2-set_2	1
1	C2H2_ASCIZ	1
1	CAP18_C	1
1	CARD	1
1	CASP_C	1
1	CATSPERB_1st	1
1	CBM53	1
1	CBP30	1
1	CC149	1
1	CCCAP	1
1	CCDC122	1
1	CCDC172	1
1	CCDC17_middle_coil	1
1	CCDC3_C	1
1	CCDC61_coil	1
1	CCDC90-like	1
1	CCHC_BCL-11A	1
1	CC_Liprin_beta	1
1	CD225	1
1	CENP-H	1
1	CEP104_ZnF	1
1	CEP162_coil_mid	1
1	CEP89	1
1	CIA30	1
1	CLIP1	1
1	COG3_N	1
1	COG5_N	1
1	COLEC12	1
1	COX6B	1
1	CREPT	1
1	CRLF3_N	1
1	CSNKA2IP	1
1	CSTF_C	1
1	CUB	1
1	CUB_2	1
1	CUB_M02D8_5_3rd	1
1	Cadherin	1
1	Cadherin_4	1
1	Cadherin_5	1
1	Calcyon	1
1	Calmodulin_bind	1
1	Cas12f1-like_TNB	1
1	Ccdc27	1
1	CcmD	1
1	Cep57_CLD_2	1
1	CetZ_C	1
1	Chromo_MIT1	1
1	CitMHS	1
1	Clc-like	1
1	Cmc1	1
1	Cnn_1N	1
1	CoiA_N	1
1	Ctr	1
1	Cyclin_D1_bind	1
1	Cyclin_N	1
1	Cys_box	1
1	Cytochrom_B561	1
1	DAG1	1
1	DAP10	1
1	DHHC	1
1	DIL	1
1	DM	1
1	DRHyd-ASK	1
1	DTHCT	1
1	DUF1192	1
1	DUF1269	1
1	DUF1272	1
1	DUF16	1
1	DUF1843	1
1	DUF202	1
1	DUF2207_C	1
1	DUF2225	1
1	DUF2237	1
1	DUF2272	1
1	DUF2371	1
1	DUF2383	1
1	DUF2627	1
1	DUF2730	1
1	DUF2753	1
1	DUF2774	1
1	DUF294	1
1	DUF2970	1
1	DUF3050	1
1	DUF3086	1
1	DUF3323	1
1	DUF3450	1
1	DUF3493	1
1	DUF365	1
1	DUF3830	1
1	DUF4006	1
1	DUF4164	1
1	DUF4190	1
1	DUF4231	1
1	DUF4473	1
1	DUF4618	1
1	DUF4764	1
1	DUF4834	1
1	DUF489	1
1	DUF5132	1
1	DUF5337	1
1	DUF5373	1
1	DUF5427	1
1	DUF5600	1
1	DUF5795	1
1	DUF6011	1
1	DUF6076	1
1	DUF6101	1
1	DUF6212	1
1	DUF6242_C	1
1	DUF6262	1
1	DUF6383	1
1	DUF641	1
1	DUF6463	1
1	DUF6548	1
1	DUF6578	1
1	DUF6583	1
1	DUF6759	1
1	DUF6768	1
1	DUF6779	1
1	DUF6996	1
1	DUF7090	1
1	DUF7130	1
1	DUF724	1
1	DUF7277	1
1	DUF7285	1
1	DUF7330	1
1	DUF7340	1
1	DUF7385	1
1	DUF7544	1
1	DUF7559	1
1	DUF7622	1
1	DUF7658	1
1	DUF7667	1
1	DUF7695	1
1	DUF7741	1
1	DUF7743	1
1	DUF7801	1
1	DUF7835	1
1	DUF7836	1
1	DUF7837	1
1	DUF7916	1
1	DUF7963	1
1	DUF7977	1
1	DUF8003	1
1	DUF8054_C	1
1	DUF8060	1
1	DUF809	1
1	DUF8106	1
1	DUF8221	1
1	DUF8250	1
1	DUF8346	1
1	DUF8380	1
1	DUF848	1
1	DUF919	1
1	DZR_2	1
1	DcpS_C	1
1	Death_Lrrd1	1
1	Dishevelled	1
1	DivIVA	1
1	DnaG_cat_HB	1
1	DpnI	1
1	Dynein_light	1
1	EF-hand_2	1
1	EF-hand_9	1
1	EF-hand_FSTL1	1
1	EF_EFCAB10_C	1
1	EGF2_RECK	1
1	EGF_C8A_B_C6	1
1	EGF_C_tripleX	1
1	EGF_LMN_ATRN	1
1	EGF_LRP2	1
1	EGF_STAB1-2	1
1	EGF_Sp38_C	1
1	EIAV_Rev	1
1	EMP70	1
1	ETRAMP	1
1	EVI2B	1
1	EcoR124_C	1
1	Elf4	1
1	Elongin_A	1
1	Ephrin_rec_like	1
1	Epiregulin_C	1
1	Exonuc_VII_L	1
1	EzrA	1
1	F-box	1
1	F54D1_6_C	1
1	F5_F8_type_C	1
1	FANCI_S2	1
1	FANCL_C	1
1	FAS_AT_central	1
1	FA_desaturase	1
1	FGF	1
1	FOXP-CC	1
1	FRB_dom	1
1	FUSC-like	1
1	FYDLN_acid	1
1	FYVE	1
1	Fas1-AflB-like_hel	1
1	FdhE_central	1
1	Fer2_2	1
1	Fibrinogen_C	1
1	FilR1_middle	1
1	FixQ	1
1	Flu_B_NS1	1
1	Fn3_VIN3	1
1	Four_helix_put	1
1	Frizzled	1
1	Fzo_mitofusin	1
1	GAS	1
1	GH131_N	1
1	GIT1_C	1
1	GPS	1
1	GSG-1	1
1	GST_C	1
1	GST_C_2	1
1	GST_C_3	1
1	GST_C_7	1
1	GST_N_2	1
1	Globin	1
1	Glyco_transf_61	1
1	Glycophorin_A	1
1	GreA_GreB_N	1
1	GspL_C	1
1	HALZ	1
1	HAUS1	1
1	HBEGF_C	1
1	HEPN_DZIP3	1
1	HEWD	1
1	HI1480	1
1	HMG_WDHD1	1
1	HMG_box	1
1	HNH_5	1
1	HTH_50	1
1	HTH_NLRC5	1
1	HVO_1552_C	1
1	HVO_2718_N	1
1	Hanta_nucleocap	1
1	Hemotin	1
1	Herpes_BDLF2	1
1	HmpF	1
1	IBR_1	1
1	IFT57	1
1	IL17	1
1	INCA1	1
1	IN_DBD_C	1
1	IPTL-CTERM	1
1	ISN1	1
1	Ig_CD22	1
1	Ig_J_second	1
1	Ig_Rha78A_N	1
1	Ig_VEGFR-1-like_5th	1
1	InlK_D3	1
1	Jak1_Phl	1
1	KAP_NTPase	1
1	KIF21A_2nd	1
1	Kazrin	1
1	KfrA_N	1
1	Kp4	1
1	Kre9_KNH	1
1	KxDL	1
1	LPD5	1
1	LRRCT	1
1	LRR_2	1
1	LXG	1
1	Laminin_B	1
1	Laminin_G_1	1
1	LapA_dom	1
1	Lebercilin	1
1	Lectin_N	1
1	LodA_N	1
1	Lysostaphin_N	1
1	Lzipper-MIP1	1
1	MCM_OB	1
1	MCU	1
1	MGMT_N	1
1	MIOS_WD40	1
1	MIPOL1_N	1
1	MLANA	1
1	MP81	1
1	MRP-S26	1
1	MTNAP1_ZnF	1
1	MTUS1_CCDC69_CC2	1
1	MalM	1
1	Mannitol_dh	1
1	Med28	1
1	Med9	1
1	Methyltransf_7	1
1	MobL	1
1	Molybdopterin_N	1
1	MoxZ	1
1	MscS_porin	1
1	MshEN	1
1	Mua	1
1	MupG_N	1
1	MutS_II	1
1	Myb_DNA-bind_6	1
1	Myb_DNA-binding	1
1	Myc_target_1	1
1	Myelin-PO_C	1
1	NACHT	1
1	NADH_u_ox_C	1
1	NCD3G	1
1	NCMAP	1
1	NEMO	1
1	NODP	1
1	NPHP3_N	1
1	NTPase_1	1
1	Nop10p	1
1	Nop14	1
1	Notch	1
1	Ntox21	1
1	Nucleotid_trans	1
1	OAD_gamma	1
1	ODF2_C	1
1	ODV-E18	1
1	ORF45	1
1	Occludin_ELL	1
1	Ogr_Delta	1
1	Opalin	1
1	OrsD	1
1	Oxidored_q3	1
1	PAAT-like	1
1	PAE	1
1	PAG	1
1	PAS	1
1	PAS_11	1
1	PAS_3	1
1	PDGLE	1
1	PDZ	1
1	PDZ_2	1
1	PDZ_6	1
1	PEF-CTERM_ARCH	1
1	PHD_NSD	1
1	PHD_pln	1
1	PH_TFIIH	1
1	PKK	1
1	PML_CC	1
1	PMT_4TMC	1
1	PRAME_C	1
1	PRIMA1	1
1	PROPPIN	1
1	PRP1_N	1
1	PT	1
1	PT26-6P_helical	1
1	PUMA_CC	1
1	Paf1	1
1	Pcf11_C	1
1	Peptidase_M24	1
1	Peptidase_S49_N	1
1	Phage_GPO	1
1	Phage_Gp23	1
1	Phage_gp75	1
1	Phage_rep_org_N	1
1	Phage_scaffold	1
1	Phage_zn_bind_3	1
1	PilX_N	1
1	Plant_vir_prot	1
1	Pox_A14	1
1	Pox_A_type_inc	1
1	Pox_H7	1
1	Prok-E2_D	1
1	Prok-RING_4	1
1	Prominin	1
1	Psg1	1
1	RACo_C_ter	1
1	RAG2	1
1	RANK_CRD_2	1
1	RBD-FIP	1
1	RBD_LARS1	1
1	RBFA	1
1	RBP_receptor	1
1	RING_XB3-XBAT31	1
1	RMC1_N	1
1	RMD1-3	1
1	RNR-II_ins_dom	1
1	RNase_Y_N	1
1	ROS_MUCR	1
1	RPN7	1
1	Receptor_2B4	1
1	Relaxase_C	1
1	ResIII	1
1	Retinin_C	1
1	Ribosomal_L37ae	1
1	Rieske	1
1	Rpr2	1
1	Rrn6_K-rich	1
1	RsgI_N	1
1	Rtf2	1
1	SBBP	1
1	SBDS_domain_II	1
1	SCIMP	1
1	SCY_4732_	1
1	SDF	1
1	SEA	1
1	SGM_5486	1
1	SH	1
1	SH3_HelY	1
1	SHLD1_C	1
1	SHOCT	1
1	SIM_C	1
1	SIR2	1
1	SIT	1
1	SLATT_5	1
1	SNARE	1
1	SPATS2-like	1
1	SRP-alpha_N	1
1	STB2_C	1
1	STL11_N	1
1	STN1_2	1
1	SUZ-C	1
1	SaeA_1st	1
1	Saf-Nte_pilin	1
1	SarA_SteE	1
1	SasG_E	1
1	SdiA-regulated	1
1	Sec10_N	1
1	Sec2p	1
1	Sec31	1
1	Sensor	1
1	Septknot	1
1	Seryl_tRNA_N	1
1	Sgf11	1
1	ShK	1
1	Shugoshin_N	1
1	SidM_N	1
1	Snapin_Pallidin	1
1	Spc29	1
1	Spe-44	1
1	Spectrin_SYNE1	1
1	SpoIIIAH	1
1	Spt46	1
1	Syndecan	1
1	Syntaxin	1
1	T4SS_AnkD	1
1	TACI-CRD2	1
1	TAS2R	1
1	TBCA_PH	1
1	TBPIP_C	1
1	TCAD2	1
1	TFB6	1
1	TFIIIA_zf-C2H2	1
1	THAP	1
1	TIL_OTOGL_Mucin	1
1	TMEM238	1
1	TMF_DNA_bd	1
1	TM_ErbB1	1
1	TM_HPP	1
1	TNFR_ELAPOR1_6th	1
1	TPR-S	1
1	TPR_1	1
1	TPR_10	1
1	TPR_11	1
1	TPR_12	1
1	TPR_14	1
1	TPR_16	1
1	TPR_19	1
1	TPR_2	1
1	TPR_6	1
1	TPR_7	1
1	TPR_8	1
1	TPR_INTS8_3	1
1	TPR_MalT	1
1	TPR_NPHP3	1
1	TRAPPC9-Trs120	1
1	TRIM_CC	1
1	TSC22	1
1	TerS_N	1
1	Tetraspanin	1
1	Thioredoxin_2	1
1	Tmemb_9	1
1	Toxin_cobra-type	1
1	Tra1_central	1
1	Transglut_i_TM	1
1	Tri-helical	1
1	Tropomyosin	1
1	Turandot	1
1	U-box_ZFPL1	1
1	UBZ_FAAP20	1
1	UPF0158	1
1	UPF0242	1
1	US29	1
1	USP8_interact	1
1	Uso1_p115_C	1
1	UvrB_3rd	1
1	V-set_CD47	1
1	Vgb_lyase	1
1	Voltage_CLC	1
1	WD40_Gbeta	1
1	WD40_like	1
1	WDCP	1
1	WDR54	1
1	WD_LRWD1	1
1	WHD_NWD1	1
1	WH_Halo	1
1	WSC	1
1	WXG100	1
1	Wtap	1
1	XM1_gp53_minor_capsid	1
1	YBL010C_LAA2	1
1	YjdP	1
1	YmcF-like	1
1	YorE	1
1	YqhR	1
1	YxzE	1
1	ZNF428	1
1	ZapD	1
1	Zf-C2H2_ZNF451_5th	1
1	Zf-C2H2_ZNF451_6th	1
1	Zf_2nd_IFT121	1
1	Zn_ribbon_10	1
1	Zn_ribbon_16	1
1	Zn_ribbon_19	1
1	Zn_ribbon_21	1
1	Zn_ribbon_3CxxC	1
1	Zn_ribbon_4	1
1	Zn_ribbon_6	1
1	Zn_ribbon_9	1
1	Zn_ribbon_CSL	1
1	Zn_ribbon_DUF2089	1
1	Zn_ribbon_FGT1_1	1
1	Zn_ribbon_FGT1_2	1
1	Zn_ribbon_GRF_2	1
1	Zn_ribbon_LapB	1
1	Zn_ribbon_PADR1	1
1	Zn_ribbon_PriA	1
1	Zn_ribbon_RPB9	1
1	Zn_ribbon_RlmA	1
1	Zn_ribbon_TiaS	1
1	Znf_C2H2_Trps1_5th	1
1	Zwei_Ig_N	1
1	bCoV_S1_RBD	1
1	bHLH_IRO3	1
1	betaPIX_CC	1
1	nSTAND6	1
1	nSTAND_NTPase5	1
1	vRNAP_dom	1
1	zf-ANAPC11	1
1	zf-B_box	1
1	zf-C2H2_10	1
1	zf-C2H2_14	1
1	zf-C2H2_AHC1	1
1	zf-C2H2_Adnp2	1
1	zf-C2H2_FBX41	1
1	zf-C2H2_STOP2_C	1
1	zf-C2H2_ZN292	1
1	zf-C2H2_aberr	1
1	zf-C2H2_fungi	1
1	zf-C2HC_3	1
1	zf-C3HC4	1
1	zf-C3HC4_3	1
1	zf-C3HC4_4	1
1	zf-C4_ClpX	1
1	zf-CCCH_4	1
1	zf-DNA_Pol	1
1	zf-Mss51	1
1	zf-Nse	1
1	zf-P11	1
1	zf-RING-like	1
1	zf-RING_10	1
1	zf-RING_16	1
1	zf-RING_4	1
1	zf-RING_5	1
1	zf-RING_Vps41	1
1	zf-Vps39_C	1
1	zf-WIZ	1
1	zf-met2	1
1	zf_PCFS4	1
1	zf_RING-like	1
1	zf_RING_Vps8_fungal	1
2	zf-C2H2	9
2	bZIP_1	8
2	zf-C2H2_4	8
2	LRR_4	7
2	LRR_8	7
2	LRR_1	6
2	EGF	5
2	WD40_Prp19	5
2	cEGF	5
2	hEGF	5
2	7tm_1	4
2	ADIP	4
2	Beta-prop_EML_2	4
2	Beta-prop_THOC3	4
2	Beta-prop_WDR36-Utp21_1st	4
2	Beta-prop_WDR3_2nd	4
2	Cyclin_N	4
2	EGF_2	4
2	EGF_TEN	4
2	EGF_Teneurin	4
2	Histone_ABTB	4
2	LRR_6	4
2	LRR_9	4
2	LRR_EndoS	4
2	ODF2_C	4
2	Rab11-FIP3	4
2	WD40_CDC20-Fz	4
2	WD40_WDHD1_1st	4
2	zf-C2H2_jaz	4
2	zf-CCCH_2	4
2	zf-CCCH_DUS3L	4
2	zf-CCCH_RBM22	4
2	zf-H2C2_2	4
2	Beta-prop_EML	3
2	Beta-prop_WDR5	3
2	CBFD_NFYB_HMF	3
2	CBM_14	3
2	CEP89	3
2	COG3_N	3
2	DUF1664	3
2	DUF4407	3
2	DUF7128	3
2	DUF8221	3
2	DivIC	3
2	EGF_MSP1_1	3
2	Fib_alpha	3
2	GST_N_2	3
2	HVO_2753_ZBP	3
2	ING	3
2	Integrin_beta	3
2	LRR_14	3
2	LRR_5	3
2	LRR_NXF1-5	3
2	Laminin_G_3	3
2	Laminin_I	3
2	OmpH	3
2	PHD	3
2	Prominin	3
2	Torus	3
2	WD40	3
2	WDR55	3
2	zf-C2H2_6	3
2	zf-C2H2_ZN142	3
2	zf-CCCH	3
2	zf-CCCH_12	3
2	zf-CCCH_3	3
2	zf-CCCH_4	3
2	zf-CCCH_PARP12	3
2	zf-CCCH_UNK	3
2	zf-met	3
2	zf_CCCH_4	3
2	zf_UBZ	3
2	7TM_GPCR_Srsx	2
2	7TM_GPCR_Srx	2
2	AAA_22	2
2	AAA_29	2
2	ABC_tran	2
2	APG6_N	2
2	ATG16	2
2	BORCS6	2
2	Beta-prop_ACSF4	2
2	Beta-prop_ATRN-LZTR1	2
2	Beta-prop_Calicin	2
2	Beta-prop_FBX42	2
2	Beta-prop_IFT140_1st	2
2	Beta-prop_NOL10_N	2
2	Beta-prop_WDR3_1st	2
2	Beta-prop_WDR90_POC16_2nd	2
2	CCDC39	2
2	CCDC89	2
2	CC_Bre1	2
2	CENP-F_leu_zip	2
2	CT398_CC	2
2	Collagen	2
2	DUF2046	2
2	DUF4200	2
2	DUF4795	2
2	DUF5401	2
2	DUF7491	2
2	DUF7560	2
2	DZR	2
2	DmmA-like_C	2
2	EB	2
2	EGF_CA	2
2	EGF_DL_JAG	2
2	EIF3I	2
2	ERM_helical	2
2	FUSC	2
2	FUT8_N_cat	2
2	FXa_inhibition	2
2	FeoB_N	2
2	FlaC_arch	2
2	FlxA	2
2	FtsK_SpoIIIE	2
2	GAS	2
2	GST_C	2
2	GST_C_2	2
2	GST_N	2
2	GST_N_3	2
2	Glutaredoxin	2
2	Gtr1_RagA	2
2	HAUS-augmin3	2
2	Histone	2
2	JAG1-like_EGF2	2
2	Kelch_1	2
2	Kelch_2	2
2	Kelch_HCF	2
2	LIM	2
2	LRR_LRWD1	2
2	LRR_Zer-1	2
2	Laminin_G_1	2
2	Laminin_G_2	2
2	Laminin_II	2
2	MCM	2
2	Myosin_tail_1	2
2	NANM	2
2	Nab2-zf4	2
2	Nup35_RRM_2	2
2	Phage_zn_bind_3	2
2	PyrI_C	2
2	RRM_1	2
2	Rod_CreS	2
2	Sas-6_C_CC	2
2	Serpentine_r_xa	2
2	Spc7	2
2	TFIID_20kDa	2
2	TMF_TATA_bd	2
2	TPR_MLP1_2	2
2	TSC22	2
2	TniB	2
2	WD40_Gbeta	2
2	WDR90_beta-prop_4th	2
2	YabA	2
2	Yippee-Mis18	2
2	Zap1_zf1	2
2	ZapB	2
2	Zn_ribbon_4	2
2	zf-C2H2_2	2
2	zf-CCCH_10	2
2	zf-CCCH_11	2
2	zf-H2C2_5	2
2	zf-HC5HC2H	2
2	zf-LYAR	2
2	zf-Sec23_Sec24	2
2	zf_C2H2_ZNF292	2
2	zf_DPOE_2	2
2	2AA_helical	1
2	2OG-FeII_Oxy_3	1
2	7TM_GPCR_Srw	1
2	7tm_4	1
2	AAA	1
2	AAA_13	1
2	AAA_15	1
2	AAA_16	1
2	AAA_17	1
2	AAA_18	1
2	AAA_25	1
2	AAA_33	1
2	AAA_5	1
2	AAA_7	1
2	AIG1	1
2	ANAPC4_WD40	1
2	ANG-1	1
2	APH	1
2	ARM_TT21	1
2	ASY3-like	1
2	ATG17_like	1
2	Adaptin_N	1
2	Alsin_RLD	1
2	Ank	1
2	Ank_2	1
2	Ank_3	1
2	Ank_4	1
2	Ank_KRIT1	1
2	Aq_aa27	1
2	Arf	1
2	Arm	1
2	Arm_3	1
2	B-block_TFIIIC	1
2	BEGAIN_coil	1
2	BLOC1_2	1
2	BPD_transp_1	1
2	BTB	1
2	Bacillus_HBL	1
2	Baculo_PEP_C	1
2	Beta-prop_Aladin	1
2	Beta-prop_DCAF12	1
2	Beta-prop_DCAF4	1
2	Beta-prop_HPS5	1
2	Beta-prop_IFT122_1st	1
2	Beta-prop_IP5PC_F	1
2	Beta-prop_LRRK2	1
2	Beta-prop_Nup120_160	1
2	Beta-prop_RIG_2nd	1
2	Beta-prop_SCAP	1
2	Beta-prop_SPT8	1
2	Beta-prop_TEP1_2nd	1
2	Beta-prop_TEP1_C	1
2	Beta-prop_TYW4	1
2	Beta-prop_Vps41	1
2	Beta-prop_WDR19_2nd	1
2	Beta-prop_WDR41	1
2	Beta-prop_WDR75_1st	1
2	Borrelia_P83	1
2	C1-set	1
2	C1_2	1
2	C2CH-3rd_BIRD-IDD	1
2	C2CH-4th_BIRD-IDD	1
2	C2H2-zf_KIN17	1
2	C2H2_ASCIZ	1
2	CALCOCO1	1
2	CCDC113_CCDC96_CC	1
2	CCDC22_CC	1
2	CCDC3_C	1
2	CCD_aECM	1
2	CCHa1_2	1
2	CC_Liprin_beta	1
2	CENP-H	1
2	CEP131_C	1
2	CHD5	1
2	CLASP_N	1
2	COG6_N	1
2	CRWN_N	1
2	Claudin_2	1
2	Cnd1	1
2	CorA	1
2	CovS-like_HAMP	1
2	CpXC	1
2	CtIP_N	1
2	Curto_V2	1
2	Cyclin_C	1
2	CytochromB561_N	1
2	Cytochrom_C_2	1
2	CzcB_C	1
2	DASH_Dam1	1
2	DNA_ligase_ZBD	1
2	DNA_topoisoIV	1
2	DUF1359	1
2	DUF1465	1
2	DUF1561	1
2	DUF1699_N	1
2	DUF2203	1
2	DUF2408	1
2	DUF2633	1
2	DUF2730	1
2	DUF3450	1
2	DUF4094	1
2	DUF4252	1
2	DUF4446	1
2	DUF4518	1
2	DUF4618	1
2	DUF4636	1
2	DUF4936	1
2	DUF4945	1
2	DUF4988	1
2	DUF5101	1
2	DUF5580_M	1
2	DUF6172	1
2	DUF6242_C	1
2	DUF641	1
2	DUF6510	1
2	DUF6827	1
2	DUF7130	1
2	DUF7165	1
2	DUF724	1
2	DUF7310	1
2	DUF7351	1
2	DUF7365	1
2	DUF7432	1
2	DUF7479	1
2	DUF7828	1
2	DUF7836	1
2	DUF7838	1
2	DUF7900	1
2	DUF8250	1
2	DUF848	1
2	DUF948	1
2	Desulfoferrod_N	1
2	Dynamin_N	1
2	EAD9	1
2	EF-hand_1	1
2	EF-hand_11	1
2	EF-hand_14	1
2	EF-hand_5	1
2	EF-hand_6	1
2	EF-hand_7	1
2	EF-hand_9	1
2	EF_EFCAB10_C	1
2	EGF1_RECK	1
2	EGF_3	1
2	EGF_C8A_B_C6	1
2	EGF_PEAR1L	1
2	EGF_Pikachurin	1
2	Exo_endo_phos	1
2	Exonuc_VII_L	1
2	EzrA	1
2	F-box	1
2	F-box-like	1
2	FAM184	1
2	FAM76	1
2	FGF-BP1	1
2	FH2	1
2	FKBP15	1
2	FOG_N	1
2	FOXP-CC	1
2	FTA2	1
2	FapA	1
2	Fez1	1
2	Filament	1
2	FtsQ_DivIB_C	1
2	G-alpha	1
2	GDU_TM	1
2	GIT_CC	1
2	GPR128_N	1
2	GST_C_3	1
2	GST_C_4	1
2	GST_C_7	1
2	GTP_EFTU	1
2	Glyoxal_oxid_N	1
2	HABP4_PAI-RBP1	1
2	HAP1_N	1
2	HAT_Syf1_CNRKL1_C	1
2	HAUS1	1
2	HEAT	1
2	HEAT_2	1
2	HEAT_EZ	1
2	HEAT_GCN1	1
2	HEAT_GCN1_C	1
2	HEAT_MROH2B_C	1
2	HEAT_Nup120	1
2	HH_RND_rel	1
2	HH_signal	1
2	HMMR_N	1
2	HOOK	1
2	HTH_71	1
2	Haspin_kinase	1
2	Helical_needle	1
2	Histone_HNS_N	1
2	HmpF	1
2	Hydro_N_hd	1
2	I-set	1
2	IBR_1	1
2	IMCp	1
2	Ig-CFAP74_3rd	1
2	Ig_2	1
2	Ig_3	1
2	Ig_4	1
2	Interfer-bind	1
2	KASH_CCD	1
2	Kdo	1
2	Kelch_FKB95	1
2	Kelch_KLHDC2_KLHL20_DRC7	1
2	Kinase-like	1
2	LETM1_RBD	1
2	LOH1CR12	1
2	LPMO_10	1
2	LRR_13	1
2	LRR_2	1
2	LRR_At5g56370	1
2	LRR_FBXL15	1
2	LRR_R13L1-DRL21	1
2	LRR_RPS2	1
2	Ldl_recept_a	1
2	Lebercilin	1
2	Leu_zip	1
2	MAD	1
2	MJ1010-like_2nd	1
2	MMR_HSR1	1
2	MORN	1
2	MbeD_MobD	1
2	Mce4_CUP1	1
2	MgtE	1
2	Mre11_C_bact	1
2	Mua	1
2	NACHT	1
2	NBCH_WD40	1
2	NET2A_C	1
2	NPV_P10	1
2	Nab2-like_zf-CCCH_	1
2	Nexin_C	1
2	Nsp1_C	1
2	Nuc_N	1
2	Nup188_N	1
2	Nup54	1
2	Nup88	1
2	OTT_1508_deam	1
2	OVT1	1
2	Occludin_ELL	1
2	PAH	1
2	PAN_4	1
2	PCNA_C	1
2	PDH_E1_M	1
2	PDS5	1
2	PEPcase	1
2	PGPGW	1
2	PHD-1st_NSD	1
2	PHD_2	1
2	PHD_NSD	1
2	PHD_Pygo	1
2	PHDvar_NSD	1
2	PI3K_1B_p101	1
2	PLipase_C_C	1
2	PPP2R1A-like_HEAT	1
2	PRAME_C	1
2	PRKG1_interact	1
2	PROPPIN	1
2	PUA	1
2	Pcf11_C	1
2	Phage_APSE1_p49	1
2	Phage_GPO	1
2	Phage_T4_Y06O	1
2	Phage_scaffold	1
2	PilJ	1
2	Pkinase	1
2	Pkinase_fungal	1
2	Plasmod_Pvs28	1
2	Prefoldin	1
2	PsbQ	1
2	RANK_CRD_2	1
2	RA_2	1
2	RBD_DEAH11	1
2	RCC1	1
2	RCC1_2	1
2	RGS	1
2	RIO1	1
2	RNA_helicase	1
2	RNA_pol_Rpc34	1
2	RNHCP	1
2	RPA_interact_C	1
2	RRM_Nup35	1
2	RRM_fung	1
2	RSB_motif	1
2	RUBY_RBDX	1
2	Rad60-SLD	1
2	Radical_SAM	1
2	Rce1-like	1
2	RestrictionMunI	1
2	Roc	1
2	RsgA_GTPase	1
2	Rua1_C	1
2	Rx_N	1
2	SAB	1
2	SCD	1
2	SET7_N	1
2	SET_assoc	1
2	SPAM	1
2	SRPRB	1
2	SSXT	1
2	STB2_C	1
2	STEEP1	1
2	Saposin	1
2	Seadorna_VP7	1
2	Sec10_N	1
2	Seryl_tRNA_N	1
2	Sey1_3HB	1
2	SlyX	1
2	Snapin_Pallidin	1
2	Spectrin	1
2	Spectrin_SESTD1	1
2	Spindly	1
2	Srg	1
2	Syntaxin	1
2	T4SS_AnkD	1
2	TMEM120A-B	1
2	TMEM154	1
2	TP2	1
2	TPR_ANAPC2	1
2	TPR_DNAAF5	1
2	TPR_TNPO3_IPO13_3rd	1
2	TRAF6_Z2	1
2	TSP1_TSH7A-B_C	1
2	TS_C	1
2	Taxilin	1
2	Terminase_3C	1
2	Thymopoietin	1
2	Tropomyosin	1
2	Uso1_p115_C	1
2	V-ATPase_G	1
2	V-set	1
2	VEGFR1-3_N_Ig-like	1
2	VERL	1
2	WD40_4	1
2	WD40_MABP1-WDR62_2nd	1
2	WD40_RFWD3	1
2	WD40_RLD	1
2	WHD_LYAR	1
2	WHD_MCM4	1
2	WHD_MCM7	1
2	WHD_MCM8	1
2	XhlA	1
2	Y4lR_2nd	1
2	YCII	1
2	YlcJ	1
2	YwqH-like	1
2	ZUO1-like_ZHD	1
2	ZapG-like	1
2	Zf-C2H2_ZNF451	1
2	Zip	1
2	Zn_SUZ12	1
2	Zn_finger_prot	1
2	Zn_ribbon_19	1
2	Zn_ribbon_8	1
2	Zn_ribbon_CSL	1
2	Zn_ribbon_FGT1_1	1
2	Zn_ribbon_PriA	1
2	Zn_ribbon_RPB9	1
2	Zn_ribbon_TFIIS	1
2	Zn_ribbon_TOP3B	1
2	bZIP_2	1
2	betaPIX_CC	1
2	choice_anch_I	1
2	cobW	1
2	flgK_1st_1	1
2	ig	1
2	nSTAND3	1
2	nSTAND_NTPase5	1
2	ubiquitin	1
2	zf-BED	1
2	zf-C17orf113	1
2	zf-C2H2_11	1
2	zf-C2H2_12	1
2	zf-C2H2_16	1
2	zf-C2H2_3	1
2	zf-C2H2_DHX34	1
2	zf-C2H2_PRDM15	1
2	zf-C2H2_STOP2_C	1
2	zf-C2H2_ZNF462_1st	1
2	zf-C2HC_2	1
2	zf-C3H1	1
2	zf-C3HC	1
2	zf-CCCH_PAN3	1
2	zf-CDGSH	1
2	zf-DBF	1
2	zf-Di19	1
2	zf-FPG_IleRS	1
2	zf-LSD1	1
2	zf-RING_2	1
2	zf-U1	1
2	zf-UBP	1
2	zf-Vps39_C	1
2	zf-rbx1	1
2	zf_Tbcl_Rhp7	1
3	EGF	43
3	EGF_2	43
3	hEGF	42
3	EGF_TEN	33
3	EGF_Teneurin	31
3	V-set	30
3	I-set	26
3	ig	24
3	Ig_2	22
3	Ig_3	22
3	EGF_CA	19
3	EGF_DL_JAG	16
3	JAG1-like_EGF2	16
3	EGF_3	15
3	EGF_PEAR1L	13
3	VEGFR1-3_N_Ig-like	12
3	zf-C2H2	12
3	FXa_inhibition	10
3	LRR_4	10
3	LRR_8	10
3	zf-C2H2_4	10
3	C2-set_2	9
3	cEGF	9
3	zf-H2C2_2	9
3	Beta-prop_EML_2	7
3	EGF_laminin	7
3	Ig_VEGFR-1-like_5th	7
3	Izumo-Ig	7
3	LRR_1	7
3	Plasmod_Pvs28	7
3	WDR55	7
3	zf-C2H2_jaz	7
3	Beta-prop_IFT122_1st	6
3	Beta-prop_WDR5	6
3	LRR_5	6
3	LRR_EndoS	6
3	WD40	6
3	WD40_WDHD1_1st	6
3	Zf-C2H2_ZNF451	6
3	zf-met	6
3	ANAPC4_WD40	5
3	Beta-prop_IFT140_1st	5
3	Beta-prop_RIG_2nd	5
3	Beta-prop_TEP1_2nd	5
3	Beta-prop_WDR3_2nd	5
3	EGF_C8A_B_C6	5
3	EphA2_TM	5
3	LRR_6	5
3	LRR_NXF1-5	5
3	SEA	5
3	WD40_CDC20-Fz	5
3	WD40_MABP1-WDR62_2nd	5
3	zf-C2H2_6	5
3	Beta-prop_ATRN-LZTR1	4
3	Beta-prop_Aladin	4
3	Beta-prop_CAF1B_HIR1	4
3	Beta-prop_EIPR1	4
3	Beta-prop_EML	4
3	Beta-prop_SPT8	4
3	Beta-prop_WDR36-Utp21_1st	4
3	Beta-prop_WDR75_1st	4
3	Beta-prop_WDR90_POC16_2nd	4
3	C2CH-3rd_BIRD-IDD	4
3	F5_F8_type_C_2	4
3	FN3_DSCAM-DSCAML_C	4
3	Ig_5	4
3	Kelch_1	4
3	Kelch_2	4
3	Kelch_KLHDC2_KLHL20_DRC7	4
3	LRR_14	4
3	MAM	4
3	NBCH_WD40	4
3	WD40_Prp19	4
3	Zf-C2H2_ZNF451_C	4
3	fn3	4
3	zf-BED	4
3	zf-C2H2_2	4
3	zf-C2H2_STOP2_C	4
3	zf-H2C2_5	4
3	Beta-prop_Calicin	3
3	Beta-prop_DCAF4	3
3	Beta-prop_FBX42	3
3	Beta-prop_HPS5	3
3	Beta-prop_NUP159_NUP214	3
3	Beta-prop_SCAP	3
3	Beta-prop_THOC3	3
3	Beta-prop_Vps41	3
3	Beta-prop_WDR36-Utp21_2nd	3
3	Beta-prop_WDR3_1st	3
3	C1-set	3
3	DUF7128	3
3	DUF7949	3
3	EGF_Tenascin	3
3	EIF3I	3
3	F5_F8_type_C	3
3	Ig_6	3
3	Kelch_FKB95	3
3	LRR_9	3
3	LRR_LRWD1	3
3	LapA_dom	3
3	Lectin_C	3
3	MP81	3
3	NANM	3
3	RIFIN	3
3	WDR90_beta-prop_4th	3
3	Zn_SUZ12	3
3	Zn_ribbon_Elf1	3
3	Zwei_Ig_N	3
3	zf-C2H2_3rep	3
3	zf-C2HC_2	3
3	zf-Di19	3
3	APG6_N	2
3	ATG16	2
3	Actin_micro	2
3	Adeno_E3_CR1	2
3	B129_C2H2-zf	2
3	Bestrophin-like	2
3	Beta-prop_ACSF4	2
3	Beta-prop_DCAF12	2
3	Beta-prop_NWD2_C	2
3	Beta-prop_RSE1_2nd	2
3	Beta-prop_TEP1_C	2
3	Beta-prop_TYW4	2
3	Beta-prop_VPS8	2
3	Beta-prop_WDR19_1st	2
3	Beta-prop_WDR41	2
3	C2H2-zf_KIN17	2
3	C3orf18_N	2
3	CENP-F_leu_zip	2
3	Cyclin_N	2
3	DAG1	2
3	DUF629	2
3	DUF7491	2
3	DUF7767	2
3	EB	2
3	EGF_Mua-3	2
3	EGF_alliinase	2
3	FAM176	2
3	GAS	2
3	HLH	2
3	HMG_box	2
3	HMG_box_2	2
3	HypA	2
3	Ig_PDGFR_d4	2
3	Kelch_HCF	2
3	LRR_R13L1-DRL21	2
3	OTOGL_N	2
3	PEP5_VPS11_N	2
3	PFF1_TM	2
3	PHD_ash2p_like	2
3	Psg1	2
3	Pur_ac_phosph_N	2
3	RUBY_RBDX	2
3	Sushi	2
3	TMEM154	2
3	TMEM51	2
3	TM_ErbB1	2
3	TSTD2_N	2
3	WD40_Gbeta	2
3	WD40_MABP1-WDR62_1st	2
3	WD40_like	2
3	YabA	2
3	Zap1_zf1	2
3	Zn_Ribbon_TF	2
3	Zn_ribbon_3	2
3	zf-C2H2_11	2
3	zf-C2H2_16	2
3	zf-C2H2_DHX34	2
3	zf-C2H2_ZNF462_1st	2
3	zf-C2HE	2
3	zf-FPG_IleRS	2
3	7TMR-HDED	1
3	7TM_GPCR_Srsx	1
3	7tm_1	1
3	A2L_zn_ribbon	1
3	AAR2_1st	1
3	AA_permease	1
3	ADGRF3_N	1
3	AF_1575	1
3	ANCHR-like_BBOX	1
3	ARM_PUB	1
3	ATF7IP_BD	1
3	ATP-synt_8	1
3	Acetone_carb_G	1
3	Adaptin_N	1
3	Adeno_E3_CR2	1
3	Anthrone_oxy	1
3	Arc_trans_TRASH	1
3	B3	1
3	BBIP10	1
3	BEAN1_helical	1
3	BLOC1_2	1
3	BRCT_2	1
3	BRF2-like_C_cyclin_rpt	1
3	BUD22	1
3	Baseplate_J_C	1
3	Beta-prop_At4g14310	1
3	Beta-prop_ELP1_2nd	1
3	Beta-prop_IFT122_2nd	1
3	Beta-prop_LRRK2	1
3	Beta-prop_NOL10_N	1
3	Beta-prop_WDR35_2nd	1
3	Beta-prop_WDR35_TULP_N	1
3	Beta-prop_WDR75_2nd	1
3	C2-set	1
3	C2-set_3	1
3	CBM26	1
3	CCDC17_middle_coil	1
3	CCDC22_CC	1
3	CCDC47	1
3	CPSF_A	1
3	C_tripleX	1
3	CaMBD	1
3	Cadherin_C_2	1
3	Cas9_PI_C	1
3	Cep57_CLD_2	1
3	CinA_KH	1
3	CoiA_N	1
3	Comm	1
3	CpXC	1
3	Cript	1
3	Ctr	1
3	Cwf_Cwc_15	1
3	Cyclin	1
3	CypI	1
3	DNA_pol_phi	1
3	DNTTIP1_dimer	1
3	DUF1192	1
3	DUF1505	1
3	DUF16	1
3	DUF2225	1
3	DUF2448	1
3	DUF2970	1
3	DUF2986	1
3	DUF3108	1
3	DUF3153	1
3	DUF3450	1
3	DUF3460	1
3	DUF3704	1
3	DUF3888	1
3	DUF4094	1
3	DUF4407	1
3	DUF4508	1
3	DUF4690	1
3	DUF4764	1
3	DUF4781	1
3	DUF5110	1
3	DUF5128	1
3	DUF5568	1
3	DUF5679	1
3	DUF5810	1
3	DUF5816	1
3	DUF5830	1
3	DUF5854	1
3	DUF5906	1
3	DUF5939	1
3	DUF6040	1
3	DUF6079_2nd	1
3	DUF6249	1
3	DUF6274	1
3	DUF6291	1
3	DUF6318	1
3	DUF6431	1
3	DUF6779	1
3	DUF7042	1
3	DUF7129	1
3	DUF7337	1
3	DUF7351	1
3	DUF7385	1
3	DUF7421	1
3	DUF7479	1
3	DUF7501	1
3	DUF755	1
3	DUF7559	1
3	DUF7560	1
3	DUF7569	1
3	DUF7573	1
3	DUF7575	1
3	DUF7630	1
3	DUF7716	1
3	DUF7860	1
3	DUF7879	1
3	DUF7921	1
3	DUF7928	1
3	DUF7939	1
3	DUF7978	1
3	DUF8042	1
3	DUF8096	1
3	DUF8100	1
3	DUF8106	1
3	DUF8163	1
3	DUF8164	1
3	DUF8260	1
3	DUF8391	1
3	DUF948	1
3	DZR	1
3	Death	1
3	DinI	1
3	DjlB_C_2nd	1
3	DpnI	1
3	Dyp_perox_C	1
3	E217_gp29	1
3	ECSCR	1
3	EGF_ATRAID_C	1
3	EGF_LRP2	1
3	EGF_MSP1_1	1
3	F-box_5	1
3	FAST_2	1
3	FYDLN_acid	1
3	FYVE	1
3	FeoB_associated	1
3	Fibin	1
3	FixQ	1
3	Fn3_VIN3	1
3	FtrD-like	1
3	GATA	1
3	GIDE	1
3	GPR128_N	1
3	GRP	1
3	GSAP-16	1
3	GST_C_2	1
3	GST_C_3	1
3	GST_C_6	1
3	GST_C_7	1
3	GST_N_4	1
3	GT-B_Sucrose_synth	1
3	GXWXG	1
3	GerT_N	1
3	Git3	1
3	GlpR	1
3	Glyoxal_oxid_N	1
3	GnsAB_toxin	1
3	Gp-FAR-1	1
3	GpA_ATPase	1
3	HARE-HTH	1
3	HAT_Syf1_M	1
3	HEAT_NCAPD3_2	1
3	HMG_WDHD1	1
3	HNH	1
3	HTH_36	1
3	HVO_0758	1
3	HVO_2753_ZBP	1
3	HVO_2901	1
3	HVO_A0556	1
3	Herpes_gE_N	1
3	Hfq	1
3	Histone_HNS_N	1
3	Hmw_CFAP97	1
3	INV_N	1
3	ISK_Channel	1
3	Ig_4	1
3	Ig_IgSF3	1
3	Ig_J_second	1
3	Ig_NUP210_4th	1
3	Ig_Rha78A_N	1
3	Ima1_N	1
3	Insulin_TMD	1
3	Integrin_beta	1
3	KLRAQ	1
3	K_trans_C	1
3	LAP1_N	1
3	LRR_13	1
3	LRR_At1g61320_AtMIF1	1
3	LRR_Zer-1	1
3	Laminin_II	1
3	Ldh_1_C	1
3	Lep_receptor_Ig	1
3	Lockin	1
3	MAD	1
3	MADF_DNA_bdg	1
3	MAPKK1_Int	1
3	MAX_effector	1
3	MCLN_ECD	1
3	MCP-like_PDC_1	1
3	MIOS_WD40	1
3	MTNAP1_ZnF	1
3	Med13_C	1
3	Metallothi_Euk2	1
3	Methyltransf_34	1
3	MscS_porin	1
3	Myb_DNA-bind_4	1
3	Myb_DNA-bind_5	1
3	NAD-GH	1
3	NET2A_C	1
3	NHL	1
3	NOA36	1
3	NPHP3_N	1
3	Nairovirus_NSm	1
3	Nbl1_Borealin_N	1
3	Nodulin_late	1
3	Nol11_C	1
3	Nop14	1
3	Nop53	1
3	Nucleoporin_N	1
3	Opalin	1
3	P53_C	1
3	PCMT	1
3	PDDEXK_3	1
3	PHD	1
3	PHDvar_NSD	1
3	PH_PLEKHM2	1
3	PPTA	1
3	PQQ_2	1
3	PRAME_C	1
3	PROPPIN	1
3	PUB	1
3	PUMA	1
3	Parvo_NS1	1
3	Pathogen_betaC1	1
3	Pep3_Vps18	1
3	Phage_Bbp19	1
3	Phage_holin_6_1	1
3	Phenyl_P_gamma	1
3	Pih1_fungal_CS	1
3	Prok-RING_4	1
3	Prominin	1
3	Protocadherin	1
3	Psb34	1
3	RAG2	1
3	RANK_CRD_2	1
3	RING_XB3-XBAT31	1
3	RNA_pol_3_Rpc31	1
3	RRM_PARP14_2	1
3	Rab11-FIP3	1
3	Rad50_zn_hook	1
3	RdxA_C	1
3	Receptor_2B4	1
3	Rit1_C	1
3	Rmp24-like	1
3	RsmF_methylt_CI	1
3	Rtf2	1
3	Rubredoxin	1
3	Rv1322	1
3	Rv1476	1
3	SAND_ULT1	1
3	SCY_4732_	1
3	SGL	1
3	SH3_10	1
3	SH3_2	1
3	SH3_3	1
3	SH3_9	1
3	SOGA	1
3	SPECT1	1
3	SUR7	1
3	Slr1339	1
3	SlyX	1
3	SprA-related	1
3	Surfac_D-trimer	1
3	Syndecan	1
3	TACC_C	1
3	TEDC1	1
3	TERB2	1
3	TFIIA	1
3	TFIIB	1
3	TIL	1
3	TMEM132_C	1
3	TMEM171	1
3	TPR	1
3	TPR_Epg5	1
3	TPR_MLP1_2	1
3	TRASH_HVO_1752_C	1
3	TSP_1	1
3	TTRAP	1
3	TerY_C	1
3	Thioredoxin_4	1
3	Toxin_SdpC	1
3	Tricorn_2nd	1
3	Trp_oprn_chp	1
3	Trypsin	1
3	TsaE	1
3	TspO_MBR	1
3	Tweety	1
3	UBA_RAD5A	1
3	UBZ_FAAP20	1
3	UCR_Fe-S_N	1
3	UL141	1
3	UPF0242	1
3	Uso1_p115_C	1
3	Utp12	1
3	V-SNARE	1
3	V-set_CD47	1
3	VARLMGL	1
3	VASP_tetra	1
3	VEGFR-1-like_Ig-like	1
3	VEGF_C	1
3	VSTM5_C	1
3	VWA_2	1
3	VWA_N	1
3	Vps36-NZF-N	1
3	Vps3844_C	1
3	Vts1	1
3	WD40_RFWD3	1
3	WDR54	1
3	WHD_LYAR	1
3	WxLIP_PGBD	1
3	YciY	1
3	YdjO	1
3	YjiV_N	1
3	YnfU	1
3	YscO	1
3	YtrI_N	1
3	Z1	1
3	ZNF428	1
3	ZNF512_zf-C2H2	1
3	ZapG-like	1
3	Zf-C2H2_ZNF451_2nd	1
3	Zf-C2H2_ZNF451_6th	1
3	Zn-C2H2_12	1
3	Zn_Ribbon_1	1
3	Zn_Ribbon_YjdM	1
3	Zn_ribbon_21	1
3	Zn_ribbon_4	1
3	Zn_ribbon_6	1
3	Zn_ribbon_8	1
3	Zn_ribbon_CLPX_N	1
3	Zn_ribbon_DUF2089	1
3	Zn_ribbon_IS1595	1
3	Zn_ribbon_ISL3	1
3	Zn_ribbon_SprT	1
3	Zn_ribbon_TiaS	1
3	Znf_C2H2_Trps1_3rd	1
3	bZIP_1	1
3	bZIP_2	1
3	eIF2A	1
3	fn3_2	1
3	hSH3	1
3	p25-alpha	1
3	wHTH-PRTase_assc	1
3	zf-C2H2_15	1
3	zf-C2H2_2nd_ZNF462	1
3	zf-C2H2_3	1
3	zf-C2H2_7th_ZNF462	1
3	zf-C2H2_8	1
3	zf-C2H2_Z280C_D	1
3	zf-C2H2_ZFAND2	1
3	zf-C2H2_ZNF462	1
3	zf-C2H2_ZNF592	1
3	zf-C2HC_3	1
3	zf-C3HC4_3	1
3	zf-DNL	1
3	zf-FCS	1
3	zf-KKT2_KKT3	1
3	zf-RING_UBOX	1
3	zf-Sec23_Sec24	1
3	zf-U1	1
3	zf-Vps39_C	1
3	zf_C2H2_10	1
3	zf_DPOE_2	1
3	zf_Tbcl_Rhp7	1
3	zf_UBZ	1
4	Beta-prop_EML_2	30
4	WD40	30
4	WD40_CDC20-Fz	26
4	Beta-prop_IFT122_1st	25
4	Beta-prop_THOC3	25
4	Beta-prop_WDR3_1st	24
4	WDR55	24
4	Beta-prop_WDR3_2nd	22
4	WD40_Prp19	22
4	Beta-prop_TEP1_2nd	21
4	EIF3I	21
4	WD40_WDHD1_1st	20
4	Beta-prop_WDR36-Utp21_1st	19
4	Beta-prop_WDR36-Utp21_2nd	19
4	Beta-prop_WDR5	19
4	Beta-prop_WDR90_POC16_2nd	19
4	Beta-prop_EML	18
4	ANAPC4_WD40	17
4	Beta-prop_VPS8	17
4	Kelch_1	17
4	Beta-prop_FBX42	16
4	Beta-prop_RIG_2nd	14
4	Kelch_KLHDC2_KLHL20_DRC7	14
4	LRR_4	14
4	LRR_8	14
4	WD40_Gbeta	14
4	Beta-prop_Calicin	13
4	Beta-prop_NOL10_N	13
4	Beta-prop_ATRN-LZTR1	12
4	Beta-prop_CAF1B_HIR1	12
4	Beta-prop_IFT140_1st	12
4	WD40_MABP1-WDR62_2nd	12
4	Beta-prop_EIPR1	11
4	Beta-prop_HPS5	11
4	Kelch_2	11
4	LRR_1	11
4	NANM	11
4	Kelch_FKB95	10
4	Laminin_II	10
4	Beta-prop_TYW4	9
4	Beta-prop_WDR75_1st	9
4	WDR90_beta-prop_4th	9
4	Beta-prop_TEP1_C	8
4	Beta-prop_WDR41	8
4	DUF1664	8
4	LRR_6	8
4	PHD_NSD	8
4	Beta-prop_ACSF4	7
4	Beta-prop_Aladin	7
4	Beta-prop_WDR19_1st	7
4	FlaC_arch	7
4	SRPRB	7
4	ATG16	6
4	FapA	6
4	LRR_14	6
4	NBCH_WD40	6
4	ZapB	6
4	zf-C2H2_4	6
4	zf_RING_Vps8	6
4	AAA_16	5
4	Beta-prop_DCAF12	5
4	Beta-prop_DCAF4	5
4	Beta-prop_NUP159_NUP214	5
4	Beta-prop_Nup120_160	5
4	Beta-prop_SPT8	5
4	Beta-prop_WDR75_2nd	5
4	CCDC39	5
4	CC_Bre1	5
4	DUF7491	5
4	GST_N_2	5
4	GST_N_3	5
4	Ig_2	5
4	LRR_LRWD1	5
4	LRR_NXF1-5	5
4	PEP5_VPS11_N	5
4	PHD	5
4	Rab11-FIP3	5
4	SET	5
4	T4SS_LegC2C7	5
4	WD40_2	5
4	WD40_RFWD3	5
4	WD40_like	5
4	zf-CCCH_RBM22	5
4	zf-RING_UBOX	5
4	zf-RING_Vps41	5
4	zf-rbx1	5
4	zf_CCCH_4	5
4	ABC_tran	4
4	APG6_N	4
4	Ank	4
4	Ank_2	4
4	Ank_3	4
4	Beta-prop_BBS7	4
4	Beta-prop_SCAP	4
4	Beta-prop_Vps41	4
4	Beta-prop_WDR35_TULP_N	4
4	Cadherin-like	4
4	DUF4407	4
4	DUF7310	4
4	DivIC	4
4	EF-hand_6	4
4	EGF_2	4
4	FOG_N	4
4	Fez1	4
4	GTP_EFTU	4
4	HABP4_PAI-RBP1	4
4	HAT_PRP39_N	4
4	I-set	4
4	Ig_3	4
4	Ig_VEGFR-1-like_5th	4
4	Kelch_HCF	4
4	LRR_5	4
4	LRR_9	4
4	Myb_DNA-bind_6	4
4	Myb_DNA-binding	4
4	PHD_Pygo	4
4	RMC1_N	4
4	RsgA_GTPase	4
4	TMF_DNA_bd	4
4	TPR_MLP1_2	4
4	Torus	4
4	Tricorn_2nd	4
4	WD40_MABP1-WDR62_1st	4
4	YabA	4
4	cEGF	4
4	ig	4
4	nSTAND3	4
4	zf-C2H2	4
4	zf-CCCH	4
4	zf-CCCH_2	4
4	zf-CCCH_4	4
4	zf-CCCH_DUS3L	4
4	zf-CCCH_UNK	4
4	zf-HC5HC2H	4
4	zf-RING_11	4
4	zf-RING_2	4
4	AAA_14	3
4	AAA_22	3
4	AAA_24	3
4	ADIP	3
4	ANG-1	3
4	Ank_4	3
4	Ank_5	3
4	BEGAIN_coil	3
4	Baculo_PEP_C	3
4	Beta-prop_NWD2_C	3
4	Bromodomain	3
4	C1q	3
4	C2-set_2	3
4	CBFD_NFYB_HMF	3
4	CCDC22_CC	3
4	CEP89	3
4	CLZ	3
4	COG6_N	3
4	DAP3	3
4	DASH_Duo1	3
4	DUF3450	3
4	DUF3584	3
4	EF-hand_1	3
4	EF-hand_5	3
4	EGF	3
4	Fib_alpha	3
4	GST_C	3
4	GST_C_7	3
4	Glutaredoxin	3
4	HAT_Syf1_CNRKL1_N	3
4	Herpes_UL6	3
4	Histone	3
4	IFT57	3
4	LRR_EndoS	3
4	MMR_HSR1	3
4	MORN	3
4	NACHT	3
4	ODF2_C	3
4	OmpH	3
4	PFF1_TM	3
4	PHD_2	3
4	SANT_DAMP1_like	3
4	STX6_10_61_N	3
4	Sas-6_C_CC	3
4	SlyX	3
4	Spc24	3
4	THOC7	3
4	TPR_14	3
4	TPR_16	3
4	TPR_19	3
4	Thioredoxin_2	3
4	Tropomyosin	3
4	UPF0242	3
4	V-set	3
4	VPS11_N	3
4	bHLH_IRO3	3
4	bZIP_1	3
4	hEGF	3
4	zf-CCCH_11	3
4	zf-CCCH_12	3
4	zf-RING_5	3
4	zf_RING_Vps8_fungal	3
4	AAA_13	2
4	AAA_18	2
4	AAA_21	2
4	AAA_28	2
4	AAA_5	2
4	AAA_7	2
4	ALMT	2
4	ATPase_2	2
4	AhpC-TSA	2
4	Ank_KRIT1	2
4	Arf	2
4	Beta-prop_EDC4L	2
4	Beta-prop_EMC1_N	2
4	Beta-prop_LRRK2	2
4	Beta-prop_RIG_1st	2
4	Beta-prop_WDR11_2nd	2
4	Beta-prop_pof12	2
4	C1-set	2
4	CBM_14	2
4	CC_CDK5RAP2	2
4	CENP-F_leu_zip	2
4	COX6B	2
4	CoiA_N	2
4	Collagen	2
4	CortBP2	2
4	Cyclin_C	2
4	Cyclin_N	2
4	Cytochrom_D1	2
4	DUF16	2
4	DUF2730	2
4	DUF4200	2
4	DUF4446	2
4	DUF5906	2
4	DUF641	2
4	DUF6779	2
4	DUF7121	2
4	DUF815	2
4	EF-hand_7	2
4	EF-hand_FSTL1	2
4	EF_EFCAB10_C	2
4	EGF_3	2
4	EGF_LMN_ATRN	2
4	EGF_Tme5	2
4	Exonuc_VII_L	2
4	EzrA	2
4	F-box	2
4	F-box-like	2
4	FANCL_C	2
4	FYVE	2
4	G-alpha	2
4	GIT_CC	2
4	GST_C_2	2
4	Glyoxal_oxid_N	2
4	HALZ	2
4	HAT_PRP39_C	2
4	HAUS3_CC	2
4	Hydrolase	2
4	IL2RB_N1	2
4	KNTC1_N	2
4	LRR_R13L1-DRL21	2
4	Lectin_N	2
4	Leu_zip	2
4	MCM_N	2
4	MTUS1_CCDC69_CC2	2
4	Macoilin	2
4	Med4	2
4	Metal_resist	2
4	Mis12	2
4	NB-ARC	2
4	NPV_P10	2
4	Nairovirus_NSm	2
4	ODF2_N	2
4	PHD-1st_NSD	2
4	Plectin_PPL	2
4	Prefoldin_2	2
4	Prominin	2
4	RAB3GAP2_N	2
4	RING_XB3-XBAT31	2
4	Rod_CreS	2
4	Rotamase	2
4	RuvB_N	2
4	Sigma54_activat	2
4	Syntaxin	2
4	TACC_C	2
4	TMEM120A-B	2
4	TMF_TATA_bd	2
4	TPR_7	2
4	TRAF3_RING	2
4	Tmemb_9	2
4	TolA_bind_tri	2
4	Trimer_CC	2
4	V-SNARE_C	2
4	V-set_CD47	2
4	VPS18_RING_C	2
4	V_ATPase_I	2
4	WD_LRWD1	2
4	Zn_ribbon_8	2
4	cobW	2
4	eIF2A	2
4	nSTAND6	2
4	nSTAND_NTPase5	2
4	zf-ANAPC11	2
4	zf-C2H2_2	2
4	zf-C2H2_6	2
4	zf-C3H1	2
4	zf-C3HC4_3	2
4	zf-C3HC4_4	2
4	zf-CCCH_10	2
4	zf-CCCH_AtC3H23	2
4	zf-H2C2_2	2
4	zf-Nse	2
4	zf-PHD-like	2
4	zf-RING_10	2
4	zf-UDP	2
4	3HCDH_N	1
4	6PF2K	1
4	7tm_1	1
4	A24_N_bact	1
4	AAA_11	1
4	AAA_15	1
4	AAA_17	1
4	AAA_19	1
4	AAA_2	1
4	AAA_23	1
4	AAA_29	1
4	AAA_3	1
4	AAA_30	1
4	AAA_33	1
4	AAA_lid_NAV1	1
4	AATF-Che1	1
4	AA_permease_2	1
4	ABC1	1
4	ABC_tran_CTD	1
4	AIF-1	1
4	AIG1	1
4	AKAP2_C	1
4	AMPK1_CBM	1
4	ANAPC8	1
4	ANCHR-like_BBOX	1
4	ANM3_zf-C2H2	1
4	AP2	1
4	ARID	1
4	ARS2	1
4	ATG14	1
4	ATG17_like	1
4	ATG2_CAD	1
4	ATP-synt_ab	1
4	ATP_bind_1	1
4	ATPase	1
4	AT_hook	1
4	Abi_C	1
4	Acetyltransf_11	1
4	Acid_PPase	1
4	Acid_phosphat_B	1
4	Activin_recp	1
4	Acyl-CoA_dh_1	1
4	Acyl-CoA_dh_N	1
4	AdHead_fibreRBD	1
4	Adeno_E3_CR2	1
4	Aft1_OSA	1
4	AglB_L1	1
4	Allexi_40kDa	1
4	Amnionless	1
4	Antistasin	1
4	Apolipoprotein	1
4	ArabinogalactanP	1
4	Arc1p_N_like	1
4	Arm_4	1
4	Arteri_nucleo	1
4	Atg11_middle	1
4	Ax_dynein_light	1
4	BCAS3_WD40	1
4	BRE1B	1
4	BTB_KLHL33	1
4	BUD31	1
4	Baculo_11_kDa	1
4	Baculo_IE-1	1
4	Barwin	1
4	BclA_C	1
4	Bestrophin-like	1
4	Bestrophin_2	1
4	Beta-prop_ELP1_1st	1
4	Beta-prop_IFT140_2nd	1
4	Beta-prop_IP5PC_F	1
4	Beta-prop_WDR11_1st	1
4	Beta-prop_WDR19_2nd	1
4	Beta-prop_WDR35_2nd	1
4	Branch_AA_trans	1
4	C1_1	1
4	C1_2	1
4	C2H2-zf_KIN17	1
4	C5HCH	1
4	CAGE1	1
4	CAS_CSE1	1
4	CBM_20	1
4	CC149	1
4	CC4_CEP85	1
4	CCDC-167	1
4	CCDC113_CCDC96_CC	1
4	CCDC17_middle_coil	1
4	CCDC192	1
4	CCDC61_coil	1
4	CCDC89	1
4	CCDC90-like	1
4	CCDC92	1
4	CCDC93_CC	1
4	CD59	1
4	CDC45	1
4	CDK5RAP3	1
4	CENP-B_dimeris	1
4	CENP-H	1
4	CEP131_C	1
4	CEP15-like	1
4	CEP295NL	1
4	CFAP298	1
4	CFAP43_N	1
4	CHASE3	1
4	CHCH	1
4	CLIP1	1
4	CLP_protease	1
4	CNH	1
4	COE1_HLH	1
4	COG2_C	1
4	COG3_N	1
4	COG5_C	1
4	COLEC12	1
4	CPT	1
4	CREPT	1
4	CRISPR_Cas2	1
4	CRWN_N	1
4	CT398_CC	1
4	CTD9	1
4	CUT_N	1
4	Cadherin_C_2	1
4	Calc_CGRP_IAPP	1
4	Cas12f1-like_TNB	1
4	Cauli_AT	1
4	Cep192_D4	1
4	Cep57_CLD_2	1
4	Chromo	1
4	CiaI	1
4	Cluap1	1
4	Cmc1	1
4	Cnd1	1
4	Cortex-I_coil	1
4	Csa3_N	1
4	Ctr	1
4	Cyclin_C_2	1
4	DAG_kinase_N	1
4	DBINO	1
4	DGF-1_4	1
4	DHU1_N	1
4	DISC1_C	1
4	DLIC	1
4	DNA_pol_phi	1
4	DNA_topoisoIV	1
4	DNase_NucA_NucB	1
4	DO-GTPase2	1
4	DOT1	1
4	DUF1180	1
4	DUF1192	1
4	DUF1327	1
4	DUF1451	1
4	DUF1573	1
4	DUF1635	1
4	DUF1644	1
4	DUF1668	1
4	DUF1993	1
4	DUF2247	1
4	DUF234	1
4	DUF2563	1
4	DUF2937	1
4	DUF2968	1
4	DUF3573	1
4	DUF3638	1
4	DUF3671	1
4	DUF3782	1
4	DUF3784	1
4	DUF4064	1
4	DUF4187	1
4	DUF4250	1
4	DUF4295	1
4	DUF4428	1
4	DUF4638	1
4	DUF4692	1
4	DUF4776	1
4	DUF4795	1
4	DUF4854	1
4	DUF499	1
4	DUF503	1
4	DUF5385	1
4	DUF5401	1
4	DUF5595	1
4	DUF5648	1
4	DUF5693	1
4	DUF5713	1
4	DUF5722	1
4	DUF5792	1
4	DUF5869	1
4	DUF6079_1st	1
4	DUF6267	1
4	DUF629	1
4	DUF6507	1
4	DUF6815	1
4	DUF6832	1
4	DUF6900	1
4	DUF6953	1
4	DUF7099	1
4	DUF7215	1
4	DUF724	1
4	DUF7262	1
4	DUF7299	1
4	DUF7405	1
4	DUF745	1
4	DUF7479	1
4	DUF7500	1
4	DUF7583	1
4	DUF7791	1
4	DUF7801	1
4	DUF7813	1
4	DUF7964	1
4	DUF8091	1
4	DUF819	1
4	DUF8322	1
4	DUF8341	1
4	DUF8348	1
4	DUF8384	1
4	DUF8434	1
4	DUF938	1
4	DUF948	1
4	Death	1
4	DegS	1
4	Desmo_N	1
4	Dynamin_N	1
4	EAD9	1
4	EAV_GS	1
4	EB	1
4	EBNA2_Core	1
4	EF-hand_8	1
4	EF-hand_9	1
4	EF-hand_EFHB_C	1
4	EF-hand_STIM1	1
4	EF1_GNE	1
4	EGF2_RECK	1
4	EGF_DL_JAG	1
4	EGF_PEAR1L	1
4	EGF_TEN	1
4	EGF_Teneurin	1
4	EGF_laminin	1
4	EMC3_TMCO1	1
4	ENOX1	1
4	ERM_helical	1
4	ElxI1	1
4	Endonuc-like_C	1
4	EphA2_TM	1
4	F5_F8_type_C	1
4	FAM176	1
4	FCH	1
4	FCaBP_EF-hand	1
4	FKBP15	1
4	FLAD1_M	1
4	FTCD_C	1
4	FUT8_N_cat	1
4	FadA	1
4	FeoB_N	1
4	FidL_like	1
4	FlxA	1
4	FoP_duplication	1
4	Fst_toxin	1
4	FtsJ	1
4	Fuz_longin_3	1
4	GAS	1
4	GCP_C_terminal	1
4	GCP_N_terminal	1
4	GDA1_CD39	1
4	GET2	1
4	GIP4	1
4	GIT1_C	1
4	GLYCAM-1	1
4	GP24_25	1
4	GPR180-TMEM145_TM	1
4	GRP	1
4	GST_C_3	1
4	GST_N	1
4	GTSE1_N	1
4	Ge1_WD40	1
4	Glyco_hydro_84_hel	1
4	Glyco_transf_61	1
4	Golgin_A5	1
4	GrpE	1
4	Gti1_Pac2	1
4	Gtr1_RagA	1
4	HATPase_c	1
4	HATPase_c_3	1
4	HAT_Syf1_CNRKL1_C	1
4	HAUS-augmin3	1
4	HAUS1	1
4	HBEGF_C	1
4	HEAT	1
4	HEAT_EZ	1
4	HH_AprE	1
4	HIP1_clath_bdg	1
4	HMG_box	1
4	HMG_box_2	1
4	HTH_TIMELESS	1
4	Hamartin	1
4	Haspin_kinase	1
4	He_PIG	1
4	Helical_CED_Drosha	1
4	Helical_needle	1
4	Herpes_LMP1	1
4	Herpeto_peptide	1
4	HinfI	1
4	Histone_ABTB	1
4	HmpF	1
4	HpaB_N	1
4	HpsJ	1
4	HypF_C_2	1
4	IBR_1	1
4	IFP_35_N	1
4	IMCp	1
4	ING	1
4	IQ	1
4	IQCJ-SCHIP1	1
4	Ig-CFAP74_2	1
4	Ig_6	1
4	Ig_IgSF3	1
4	Ig_MYOM1	1
4	Ig_PDGFR_d4	1
4	Integrin_beta	1
4	IstB_IS21	1
4	JAG1-like_EGF2	1
4	JIP_LZII	1
4	JmjC_2	1
4	KASH_CCD	1
4	KH_GLD-3_4th	1
4	KIF21A	1
4	KIF21A_2nd	1
4	KR	1
4	Kazrin	1
4	Kinase-like	1
4	KxDL	1
4	L27_2	1
4	LAMB4	1
4	LED_rpt	1
4	LNYV_PP_C	1
4	LPP	1
4	LRRNT	1
4	LRR_2	1
4	LRR_At1g61320_AtMIF1	1
4	LRR_At5g56370	1
4	LRR_TMOD-LMOD	1
4	LRR_Zer-1	1
4	Laminin_G_3	1
4	LapA_dom	1
4	Latarcin	1
4	LbR_Ice_bind	1
4	Lgl_C	1
4	LptF_LptG	1
4	LytTR	1
4	M	1
4	MAFA_adhesin	1
4	MANEC	1
4	MCM	1
4	MCM2_N	1
4	MCPsignal	1
4	MCU	1
4	MIEAP	1
4	MJ0043_C	1
4	Mad3_BUB1_I	1
4	MeaB	1
4	Med9	1
4	Methyltransf_11	1
4	Methyltransf_23	1
4	Methyltransf_31	1
4	Methyltransf_36	1
4	Methyltransf_4	1
4	Mg_chelatase	1
4	MiaE	1
4	MnmE_helical	1
4	Mod_r	1
4	MscS_TM	1
4	Mua	1
4	Muted	1
4	Myb_DNA-binding_2	1
4	Myo5a	1
4	Myosin_tail_1	1
4	N-SET	1
4	NAD_binding_10	1
4	NAD_kinase_C	1
4	NCMAP	1
4	NOMO1-like_9th	1
4	NPHP3_N	1
4	NRDE-2	1
4	NT-C2	1
4	NTPase_1	1
4	NUDT9_N	1
4	NUMOD4	1
4	NUP37_N	1
4	Nab2-zf4	1
4	Nipped-B_C	1
4	NmrA	1
4	Nnf1	1
4	Notch	1
4	Nucleoporin_FG	1
4	Nucleoporin_N	1
4	Nuf2_DHR10-like	1
4	Nup88	1
4	OAD_gamma	1
4	ODP	1
4	OST-HTH	1
4	OST3_OST6	1
4	OSTMP1	1
4	OTOGL_N	1
4	Occludin_ELL	1
4	Orf78	1
4	Osmo_CC	1
4	OspG_kinase	1
4	PA14	1
4	PAH	1
4	PAN_1	1
4	PAN_2	1
4	PAN_4	1
4	PAS_GdpP	1
4	PBCV1_P7	1
4	PD40	1
4	PHD_pln	1
4	PI3K_P85_iSH2	1
4	PKcGMP_CC	1
4	PPI_helical	1
4	PQQ_2	1
4	PRAME_C	1
4	PRDM2_PR	1
4	PRKG1_interact	1
4	PROPPIN	1
4	PRTase_2	1
4	PTP-NADK	1
4	PTPase	1
4	PX	1
4	PapD-like	1
4	Parvo_NS1	1
4	Pde4dip	1
4	PduV-EutP	1
4	Perilipin	1
4	Pet191_N	1
4	Phage_CP76	1
4	Phage_GPO	1
4	Phage_Gp23	1
4	Phage_RpbA	1
4	Phage_connector	1
4	Phage_scaffold	1
4	PhoH	1
4	Phospholamban	1
4	Pkinase	1
4	Pkinase_fungal	1
4	Plus-3	1
4	Pox_TAP	1
4	Presenilin	1
4	Pribosyl_synth	1
4	Prion_bPrPp	1
4	PrmA	1
4	Prok-RING_1	1
4	Prok-RING_4	1
4	Prp19	1
4	QSOX_pErv	1
4	RAP-1	1
4	RBD	1
4	RBD-FIP	1
4	RBD_AKAP-17A	1
4	RBD_ZCCHC3_2nd	1
4	RCC1	1
4	RESC6	1
4	RGS-like	1
4	RGS12_usC	1
4	RIFIN	1
4	RING_ZNF598	1
4	RNA_helicase	1
4	RRM_3	1
4	RRM_PARP14_3	1
4	RVT_1	1
4	RXYLT1_N	1
4	Ras	1
4	RasGAP_C	1
4	Reb1_MybAD	1
4	RecQ5	1
4	Redoxin	1
4	Rep_fac-A_3	1
4	Reprolysin_5	1
4	ResIII	1
4	RhoGAP	1
4	Ribosomal_L12_N	1
4	RmlD_sub_bind	1
4	Rota_VP2	1
4	RsfS	1
4	RsmF_methylt_CI	1
4	Rtf2	1
4	RunxI	1
4	RuvA_N	1
4	Rv0461	1
4	Rv1893	1
4	Rx_N	1
4	S1-P1_nuclease	1
4	SERRATE_Ars2_N	1
4	SF3a60_Prp9_C	1
4	SGS	1
4	SHE3	1
4	SKA1	1
4	SLFN-g3_helicase	1
4	SLX1_C	1
4	SNARE	1
4	SPARC_Ca_bdg	1
4	SSNA1	1
4	STB2_C	1
4	STE2	1
4	SVWC	1
4	ScmC	1
4	Seadorna_VP6	1
4	Seadorna_VP7	1
4	Sec10_N	1
4	Sec20	1
4	Sec23_trunk	1
4	Sec8_N	1
4	Secretin_N_2	1
4	Septin	1
4	Seryl_tRNA_N	1
4	SfNPV_sf27	1
4	SicP-binding	1
4	Sigma54_DBD	1
4	Sipho_Gp157	1
4	Snapin_Pallidin	1
4	Snf7	1
4	SocA_Panacea	1
4	Sos7	1
4	Spe-44	1
4	Spectrin	1
4	Spo7	1
4	Spore_II_R	1
4	Spore_YabQ	1
4	Stevor	1
4	Stm1_N	1
4	Suf	1
4	Sulfatase_C	1
4	SutA-RBD	1
4	T2SSE	1
4	T3SS_HrpK1	1
4	T4SS_AnkD	1
4	TB2_DP1_HVA22	1
4	TFIID_20kDa	1
4	TGS	1
4	THR4_C	1
4	TIP49	1
4	TMEM154	1
4	TPR_10	1
4	TPR_12	1
4	TPR_2	1
4	TPR_LAA1_C	1
4	TPR_SYO1	1
4	TPR_TmcB	1
4	TRAF6_Z2	1
4	TRAM_LAG1_CLN8	1
4	TSC22	1
4	TSX	1
4	Tcell_CD4_C	1
4	TelK_muzzle	1
4	Telomerase_RBD	1
4	ThiN	1
4	Thioredoxin	1
4	Thioredoxin-like_DJC16_3rd	1
4	Thioredoxin-like_PDI	1
4	Thioredoxin_7	1
4	Thioredoxin_8	1
4	Thioredoxin_9	1
4	Tim44	1
4	Torsin	1
4	TraF	1
4	TrbI_Ftype	1
4	TrmE_N	1
4	Trypsin_2	1
4	TsaE	1
4	TssO	1
4	U3_assoc_6	1
4	UB2H	1
4	UCP007778	1
4	UME	1
4	UPF0223	1
4	UPRTase	1
4	UTP15_C	1
4	Ubiquitin_2	1
4	UstYa	1
4	V-SNARE	1
4	VEGFR1-3_N_Ig-like	1
4	VSP	1
4	VWA	1
4	VWA_2	1
4	Vps16_N	1
4	Vps52_CC	1
4	Vps53_N	1
4	WD40_CFAP43	1
4	WD40_RLD	1
4	WDR54	1
4	WEMBL	1
4	WHD_CHMP7_1st	1
4	WHD_MCM3	1
4	WHD_MCM4	1
4	WHD_TANC1	1
4	WS_DGAT_cat	1
4	XRCC4_CC	1
4	XhlA	1
4	XhoI	1
4	Xpo1	1
4	YNCE	1
4	Y_phosphatase	1
4	YcaO_C	1
4	YchF-GTPase_C	1
4	YcxB	1
4	YjjI-like	1
4	YkuI_C	1
4	YmzC	1
4	YonJ_N	1
4	YqzH	1
4	YscJ_FliF_C	1
4	YtrI_N	1
4	YxzE	1
4	Zap1_zf1	1
4	Zeta_toxin	1
4	Zf-C2H2_ZNF451_5th	1
4	Zf-C2H2_ZNF451_C	1
4	Zn_SUZ12	1
4	Zn_peptidase	1
4	Zn_ribbon_9	1
4	Zn_ribbon_RPB9	1
4	Zn_ribbon_RanBP	1
4	Zn_ribbon_RlmA	1
4	Zn_ribbon_ZPR1	1
4	bHLH-TF_ACT-like_plant	1
4	bHLH_PER	1
4	bZIP_2	1
4	bZIP_Maf	1
4	bcl-2I13	1
4	bpMoxR	1
4	c-SKI_SMAD_bind	1
4	cwf18	1
4	cwf21	1
4	mRNA_cap_enzyme	1
4	prePAAR_I	1
4	rRNA_processing	1
4	ubiquitin	1
4	zf-AN1	1
4	zf-BED_2	1
4	zf-C2H2_2nd_ZNF462	1
4	zf-C2H2_7th_ZNF462	1
4	zf-C2H2_OTU1_C	1
4	zf-C2H2_ZN142	1
4	zf-C2H2_ZNF592	1
4	zf-C2H2_aberr	1
4	zf-C2H2_jaz	1
4	zf-C2HE	1
4	zf-C3HC4_2	1
4	zf-C4H2	1
4	zf-CCCH_3	1
4	zf-CCCH_9	1
4	zf-CCCH_PARP12	1
4	zf-CCCH_tandem	1
4	zf-H2C2_5	1
4	zf-HC5HC2H_2	1
4	zf-HIT	1
4	zf-MIZ	1
4	zf-MYND	1
4	zf-P11	1
4	zf-RING-like	1
4	zf-RING_16	1
4	zf-RING_4	1
4	zf-met	1
5	WD40_WDHD1_1st	12
5	Beta-prop_WDR3_1st	11
5	Beta-prop_IFT122_1st	10
5	Beta-prop_WDR36-Utp21_1st	10
5	WD40_Prp19	10
5	Beta-prop_THOC3	9
5	Beta-prop_WDR5	9
5	WD40	9
5	WD40_MABP1-WDR62_2nd	8
5	Beta-prop_EML_2	7
5	WD40_CDC20-Fz	7
5	ANAPC4_WD40	6
5	Beta-prop_EML	6
5	Beta-prop_RIG_2nd	6
5	Beta-prop_WDR36-Utp21_2nd	6
5	Beta-prop_WDR3_2nd	6
5	Beta-prop_WDR75_1st	6
5	WDR55	6
5	Beta-prop_CAF1B_HIR1	5
5	Beta-prop_EIPR1	5
5	Beta-prop_NOL10_N	5
5	Beta-prop_WDR90_POC16_2nd	5
5	EIF3I	5
5	WD40_Gbeta	5
5	Beta-prop_Aladin	4
5	Beta-prop_DCAF4	4
5	Beta-prop_SCAP	4
5	Beta-prop_TEP1_2nd	4
5	Beta-prop_Vps41	4
5	EGF_3	4
5	EGF_CA	4
5	FXa_inhibition	4
5	GST_N_3	4
5	WDR90_beta-prop_4th	4
5	Beta-prop_HPS5	3
5	Beta-prop_Nup120_160	3
5	Beta-prop_SPT8	3
5	Beta-prop_TEP1_C	3
5	Beta-prop_VPS8	3
5	Beta-prop_WDR41	3
5	EGF	3
5	LRR_4	3
5	LRR_6	3
5	LRR_8	3
5	NBCH_WD40	3
5	PHD_2	3
5	PHD_Pygo	3
5	cEGF	3
5	7tm_1	2
5	Beta-prop_ACSF4	2
5	Beta-prop_DCAF12	2
5	Beta-prop_IFT140_1st	2
5	Beta-prop_NUP159_NUP214	2
5	CC_Bre1	2
5	DivIC	2
5	EGF_MSP1_1	2
5	F5_F8_type_C	2
5	Histone	2
5	KIF21A_4th	2
5	LRR_1	2
5	LRR_9	2
5	NCMAP	2
5	Orf78	2
5	PHD	2
5	PHD_NSD	2
5	Plasmod_Pvs28	2
5	Prok-RING_1	2
5	Snapin_Pallidin	2
5	TPR_14	2
5	WD40_MABP1-WDR62_1st	2
5	WD40_RFWD3	2
5	bZIP_1	2
5	eIF2A	2
5	hEGF	2
5	zf-C2H2	2
5	zf-C2H2_jaz	2
5	zf-C4H2	2
5	zf-CCCH	2
5	zf-CCCH_4	2
5	zf-CCCH_DUS3L	2
5	zf-CCCH_RBM22	2
5	zf-CCCH_UNK	2
5	zf-HC5HC2H	2
5	zf-RING_2	2
5	zf-RING_Vps41	2
5	zf_CCCH_4	2
5	7TM_GPCR_Srw	1
5	AAA_3	1
5	AAA_5	1
5	AAA_lid_7	1
5	ADGRF3_N	1
5	ADIP	1
5	ADK_lid	1
5	AKAP9_coil_N	1
5	ANAPC3	1
5	ANCHR-like_BBOX	1
5	ANG-1	1
5	APG6_N	1
5	ARB_05178	1
5	ARM_TBCD_2nd	1
5	ATEG07667_C	1
5	ATG17_like	1
5	AT_hook	1
5	Abhydrolase_1	1
5	Abhydrolase_6	1
5	Acatn	1
5	Activin_recp	1
5	Alsin_RLD	1
5	Anti-adapt_IraP	1
5	ArsA_HSP20	1
5	At4g18257_C	1
5	AtTam9	1
5	B-prop_COPA_B_2nd	1
5	BRANT	1
5	Bacillus_PapR	1
5	Baculo_11_kDa	1
5	Baculo_p74	1
5	Bap31_Bap29_C	1
5	Beta-prop_IFT140_2nd	1
5	Beta-prop_IFT80_2nd	1
5	Beta-prop_RIC1_2nd	1
5	Beta-prop_RSE1_2nd	1
5	Beta-prop_WDR35_TULP_N	1
5	Beta-prop_pof12	1
5	Bromo_TP	1
5	Bromodomain	1
5	C1_1	1
5	CCDC113_CCDC96_CC	1
5	CCDC192	1
5	CCDC47	1
5	CCDC89	1
5	CD225	1
5	CENP-S	1
5	CENP-T_C	1
5	CEP63	1
5	CID	1
5	CLIP1	1
5	COG3_N	1
5	CPSF_A	1
5	CPW_WPC	1
5	CSRNP_N	1
5	CandA_N	1
5	Cep57_CLD_2	1
5	Creatinase_N_2	1
5	Csm2_III-A	1
5	Cwf_Cwc_15	1
5	Cyclin_C	1
5	Cyclin_N	1
5	DAHL	1
5	DNA_ligase_A_C	1
5	DNA_pol_phi	1
5	DSBA	1
5	DUF1093	1
5	DUF1543	1
5	DUF2721	1
5	DUF2755	1
5	DUF2921	1
5	DUF3730	1
5	DUF4168	1
5	DUF4187	1
5	DUF4254	1
5	DUF4349	1
5	DUF4889	1
5	DUF4937	1
5	DUF494	1
5	DUF5373	1
5	DUF6076	1
5	DUF6249	1
5	DUF641	1
5	DUF6584	1
5	DUF724	1
5	DUF7385	1
5	DUF745	1
5	DUF7491	1
5	DUF7560	1
5	DUF7575	1
5	DUF7837	1
5	DUF7838	1
5	DUF7877	1
5	DUF7943	1
5	DUF7962	1
5	DUF8054_C	1
5	DUF8221	1
5	DUF8260	1
5	DUF948	1
5	Dymeclin	1
5	EAV_GS	1
5	EGF_2	1
5	EGF_ATRAID_C	1
5	EGF_DL_JAG	1
5	EGF_LRP2	1
5	EGF_STAB1-2	1
5	EGF_TEN	1
5	EGF_Teneurin	1
5	EGF_Tme5	1
5	ET	1
5	Elong-fact-P_C	1
5	F-box	1
5	FAM76	1
5	FPV060	1
5	FUSC	1
5	Fer4_12	1
5	Fez1	1
5	FlaC_arch	1
5	Flavodoxin_NdrI	1
5	FlgN	1
5	GAS	1
5	GLEYA	1
5	GOSR1_N	1
5	GST_C	1
5	GST_C_2	1
5	GST_C_3	1
5	GST_C_7	1
5	GST_N	1
5	GST_N_4	1
5	Ge1_WD40	1
5	Geminin	1
5	Glrx-like	1
5	GpA_ATPase	1
5	GvpL_GvpF	1
5	HALZ	1
5	HATPase_c	1
5	HATPase_c_3	1
5	HAT_PRP39_C	1
5	HAT_PRP39_N	1
5	HAT_Syf1_CNRKL1_N	1
5	HD_assoc	1
5	HEAT	1
5	HEAT_2	1
5	HEAT_ECM29	1
5	HEAT_EF3_N	1
5	HEAT_EZ	1
5	HEAT_GCN1	1
5	HEAT_MROH2B_C	1
5	HH_AprE	1
5	HMG_box_2	1
5	HMMR_N	1
5	HRM	1
5	HSP20	1
5	HSP90	1
5	HTH_3	1
5	HVO_A0556	1
5	His_Phos_1	1
5	HpsJ	1
5	Hydrolase_4	1
5	I-set	1
5	IES5	1
5	Ig_2	1
5	Ig_3	1
5	Ig_VEGFR-1-like_5th	1
5	JAG1-like_EGF2	1
5	KASH_CCD	1
5	KIP1	1
5	KapB	1
5	LCCL	1
5	LRR_14	1
5	LRR_EndoS	1
5	LRR_LRWD1	1
5	LRR_NXF1-5	1
5	LRR_TMOD-LMOD	1
5	LRR_Zer-1	1
5	Laminin_G_3	1
5	Laminin_I	1
5	Lipoprotein_20	1
5	MARVEL	1
5	MBG_3	1
5	MCM	1
5	MCM8_N	1
5	MCM_lid	1
5	MCU	1
5	MG280	1
5	MIOS_WD40	1
5	MMS19_N	1
5	MPN454_MG319	1
5	MRAP	1
5	MRP-S23	1
5	MSV199	1
5	MTR4-like_stalk	1
5	MTUS1_CCDC69_CC2	1
5	Mad3_BUB1_I	1
5	Metallophos_2	1
5	Methyltransf_12	1
5	Methyltransf_25	1
5	Methyltransf_32	1
5	Methyltransf_8	1
5	Mg_chelatase_C	1
5	MgtE_N	1
5	Mob_synth_C	1
5	NHL	1
5	NUDIX	1
5	NUP37_N	1
5	Nab2-zf4	1
5	Nas2_N	1
5	Notch	1
5	Nucleoprot-TPR	1
5	OB_RNB	1
5	OmpH	1
5	P-II	1
5	PA14	1
5	PAN_1	1
5	PAN_4	1
5	PCAF_N	1
5	PCNA_C	1
5	PDGF	1
5	PDS5	1
5	PEP-utilisers_N	1
5	PEP5_VPS11_N	1
5	PFam54_60	1
5	PKcGMP_CC	1
5	PLAT	1
5	Pep3_Vps18	1
5	Peptidase_S15	1
5	Peptidase_S9	1
5	Phage_lysis	1
5	Phage_scaffold	1
5	Prefoldin_2	1
5	Prok-RING_4	1
5	PyrI_C	1
5	QRICH1	1
5	QVR	1
5	RAP	1
5	RBD_AKAP-17A	1
5	RCC1	1
5	RCC1_2	1
5	RESC6	1
5	RESC8	1
5	RH_dom	1
5	RINGv	1
5	RMC1_N	1
5	RPN7	1
5	RRM_1	1
5	RRM_10	1
5	RRM_occluded	1
5	Rad60-SLD	1
5	Radical_SAM	1
5	Relaxase_C	1
5	Ribosomal_S27	1
5	RsbU_N	1
5	Rsm22	1
5	Rtf2	1
5	Rxt3	1
5	SERRATE_Ars2_N	1
5	SGL	1
5	SHE3	1
5	SIT	1
5	SLX1_C	1
5	SOTI	1
5	SPARC_Ca_bdg	1
5	SRCR	1
5	SUKH_5	1
5	Sec8_N	1
5	Sema	1
5	Spc24	1
5	Spectrin_Anc-1	1
5	Spectrin_SESTD1	1
5	Stc1	1
5	Suf	1
5	Sushi	1
5	Syndecan	1
5	T4SS_LegC2C7	1
5	TAF	1
5	TBPIP_C	1
5	TFIID-31kDa	1
5	TGFb_propeptide	1
5	TMEM154	1
5	TMF_TATA_bd	1
5	TPR	1
5	TPR_1	1
5	TPR_11	1
5	TPR_12	1
5	TPR_17	1
5	TPR_19	1
5	TPR_2	1
5	TPR_8	1
5	TPR_9	1
5	TPR_DNAAF5	1
5	TPR_IPO5	1
5	TRAP-delta	1
5	TctB	1
5	Thioredoxin-like_PDI	1
5	Thioredoxin_2	1
5	Torus	1
5	TraF	1
5	Transglut_i_TM	1
5	Tricorn_2nd	1
5	Tricorn_N	1
5	UBA_HOIP	1
5	UCH_1	1
5	UCP014422	1
5	UPAR_LY6	1
5	UPAR_LY6_2	1
5	UPF0137	1
5	UPF0242	1
5	US30	1
5	Usg	1
5	Utp13	1
5	V-SNARE	1
5	V-set	1
5	VPS18_RING_C	1
5	Vac14_Fab1_bd	1
5	WD40_RLD	1
5	WD40_like	1
5	WD_LRWD1	1
5	WEMBL	1
5	WHD_SNRNP200	1
5	Wtap	1
5	YabA	1
5	YtxH	1
5	Zap1_zf1	1
5	Zf-C2H2_ZNF451_C	1
5	Zn_Ribbon_TF	1
5	Zn_SUZ12	1
5	Zn_ribbon_3	1
5	Zn_ribbon_8	1
5	Zn_ribbon_Brz	1
5	Zn_ribbon_FGT1_2	1
5	Zn_ribbon_IS1595	1
5	Zn_ribbon_ISL3	1
5	Zn_ribbon_PaaD	1
5	Zn_ribbon_SprT	1
5	bZIP_Maf	1
5	ig	1
5	kleA_kleC	1
5	zf-ANAPC11	1
5	zf-BED	1
5	zf-B_box	1
5	zf-C2H2_4	1
5	zf-C2H2_6	1
5	zf-C2H2_7th_ZNF462	1
5	zf-C2H2_9	1
5	zf-C2H2_aberr	1
5	zf-C3H1	1
5	zf-C3HC4	1
5	zf-C3HC4_2	1
5	zf-C3HC4_3	1
5	zf-CCCH_10	1
5	zf-CCCH_12	1
5	zf-CCCH_2	1
5	zf-CCCH_3	1
5	zf-CCCH_9	1
5	zf-CCCH_PARP12	1
5	zf-Di19	1
5	zf-H2C2_2	1
5	zf-HC5HC2H_2	1
5	zf-P11	1
5	zf-RING_10	1
5	zf-RING_11	1
5	zf-RING_4	1
5	zf-RING_5	1
5	zf-met	1
5	zf-rbx1	1
5	zf_DPOE_2	1
5	zf_PCFS4	1
5	zf_RING_Vps8	1
5	zf_RING_Vps8_fungal	1
6	zf-C2H2	122
6	zf-C2H2_4	119
6	zf-H2C2_2	100
6	zf-C2H2_jaz	85
6	zf-met	78
6	zf-C2H2_6	77
6	zf-Di19	54
6	Zf-C2H2_ZNF451_C	50
6	zf-C2H2_2	39
6	Zap1_zf1	35
6	zf-C2H2_3rep	35
6	Zf-C2H2_ZNF451	33
6	Zn_ribbon_8	32
6	zf-C2H2_ZN142	31
6	zf-H2C2_5	30
6	Zn_SUZ12	29
6	zf-C2H2_11	28
6	zf-C2HE	28
6	C2CH-3rd_BIRD-IDD	27
6	zf_UBZ	27
6	Zn_ribbon_Elf1	23
6	zf-BED	23
6	zf-C2H2_7th_ZNF462	23
6	zf-C2HC_2	22
6	Zn_ribbon_SprT	21
6	zf-C2H2_16	20
6	zf-C2H2_ZNF462_1st	19
6	DUF5810	18
6	DUF7128	17
6	zf-C2H2_15	16
6	Actin_micro	15
6	DUF629	15
6	LRR_4	15
6	LRR_8	15
6	GAGA	14
6	zf-C2H2_8	14
6	zf-C2H2_STOP2_C	14
6	DUF7066	13
6	Kelch_1	13
6	zf-C2H2_ZN292	13
6	LRR_1	12
6	MP81	12
6	Zf-C2H2_ZNF451_2nd	12
6	zf-MYST	12
6	CpXC	11
6	DUF7565	11
6	Kelch_KLHDC2_KLHL20_DRC7	11
6	LRR_6	11
6	zf-C2H2_12	11
6	zf-C2H2_DHX34	11
6	C2H2-zf_KIN17	10
6	DUF8106	10
6	FOXP-CC	10
6	HypA	10
6	Kelch_2	10
6	NANM	10
6	zf-C2H2_CASZ1	10
6	zf_C2H2_ZNF292	10
6	Beta-prop_FBX42	9
6	C1_4	9
6	DUF7479	9
6	DUF7560	9
6	IBR_1	9
6	ZNF512_C2HC	9
6	Zn_ribbon_10	9
6	Zn_ribbon_6	9
6	Zn_ribbon_TiaS	9
6	zf_C2H2_ZHX	9
6	B129_C2H2-zf	8
6	Beta-prop_Calicin	8
6	BolA	8
6	DUF7836	8
6	EGF	8
6	I-set	8
6	LRR_14	8
6	LRR_9	8
6	Phage_zn_bind_3	8
6	cEGF	8
6	zf-AN1	8
6	Beta-prop_ATRN-LZTR1	7
6	Beta-prop_IFT122_1st	7
6	DUF2256	7
6	DUF7129	7
6	DUF7837	7
6	DZR	7
6	EGF_3	7
6	GpA_ATPase	7
6	HVO_2753_ZBP	7
6	Ig_3	7
6	Kelch_FKB95	7
6	MTNAP1_ZnF	7
6	Nairovirus_NSm	7
6	WD40	7
6	ZNF428	7
6	Zn_ribbon_4	7
6	Zn_ribbon_PaaD	7
6	ig	7
6	zf-C2H2_FBX41	7
6	zf-C2H2_REST	7
6	zf_DPOE_2	7
6	Beta-prop_THOC3	6
6	Beta-prop_WDR3_1st	6
6	DUF1664	6
6	DUF7838	6
6	EGF_CA	6
6	FXa_inhibition	6
6	FYVE	6
6	Ig_2	6
6	LIM	6
6	LRR_5	6
6	LRR_EndoS	6
6	LRR_NXF1-5	6
6	V-set	6
6	Zf-C2H2_ZNF451_1st	6
6	Zn_ribbon_3	6
6	bHLH_IRO3	6
6	zf-C2H2_ZNF462	6
6	zf-LITAF-like	6
6	zf_Hakai	6
6	7tm_1	5
6	Beta-prop_EML_2	5
6	Beta-prop_WDR3_2nd	5
6	Beta-prop_WDR5	5
6	C1_1	5
6	DUF6487	5
6	DZR_2	5
6	Kelch_HCF	5
6	LRR_LRWD1	5
6	LRR_Zer-1	5
6	PyrI_C	5
6	Rad50_zn_hook	5
6	VEGFR1-3_N_Ig-like	5
6	WD40_Prp19	5
6	WD40_WDHD1_1st	5
6	Zn-C2H2_12	5
6	Zn_ribbon_9	5
6	zf-C2H2_2nd_ZNF462	5
6	zf-C2H2_AcuF	5
6	zf-C2H2_ZNF142_18	5
6	zf-C2H2_ZNF592	5
6	zf-LYAR	5
6	zf-Vps39_C	5
6	zf_ZIC	5
6	Beta-prop_EML	4
6	Beta-prop_RIG_2nd	4
6	CCHC_ZFPM2	4
6	CLIP1	4
6	CPxCG_zf	4
6	DUF7351	4
6	DUF7410	4
6	DUF7575	4
6	DUF8250	4
6	DUF8260	4
6	Death	4
6	EDR4-like_1st	4
6	EIF3I	4
6	FN3_DSCAM-DSCAML_C	4
6	Ig_4	4
6	RUBY_RBDX	4
6	Rv1322	4
6	TRASH_HVO_1752_C	4
6	WD40_CDC20-Fz	4
6	WDR55	4
6	ZNF512_zf-C2H2	4
6	Zn_ribbon_11	4
6	Zn_ribbon_GTF2H2	4
6	bZIP_1	4
6	fn3	4
6	hEGF	4
6	zf-B_box	4
6	zf-C2H2_7	4
6	zf-C2H2_OTU1_C	4
6	zf-C2H2_ZFHX3	4
6	zf-C2H2_ZNF462_11	4
6	zf-C3HC4_3	4
6	zf-HIT	4
6	zf-met2	4
6	zf_PCFS4	4
6	ADNP_N	3
6	Arc_trans_TRASH	3
6	BTB	3
6	BTB_KLHL33	3
6	Beta-prop_ACSF4	3
6	Beta-prop_Aladin	3
6	Beta-prop_CAF1B_HIR1	3
6	Beta-prop_Nup120_160	3
6	Beta-prop_SCAP	3
6	Beta-prop_TEP1_2nd	3
6	Beta-prop_TYW4	3
6	Beta-prop_WDR19_1st	3
6	Beta-prop_WDR36-Utp21_1st	3
6	Beta-prop_WDR36-Utp21_2nd	3
6	Beta-prop_WDR75_1st	3
6	Beta-prop_WDR90_POC16_2nd	3
6	Cas12f1-like_TNB	3
6	CoiA_N	3
6	DUF5856	3
6	DUF6076	3
6	DUF6779	3
6	DUF7385	3
6	DUF7491	3
6	DUF7559	3
6	DUF7563	3
6	DUF7573	3
6	DUF7830	3
6	DUF8145	3
6	Desulfoferrod_N	3
6	DivIC	3
6	EGF_LRP2	3
6	EGF_Teneurin	3
6	Endonuclease_7	3
6	FBA_1	3
6	FYDLN_acid	3
6	FlaC_arch	3
6	HH_AprE	3
6	IBR	3
6	Ig_5	3
6	Ig_VEGFR-1-like_5th	3
6	KxDL	3
6	Laminin_II	3
6	Ogr_Delta	3
6	OrsD	3
6	PAN_1	3
6	PHD	3
6	PHD_4	3
6	Plasmod_Pvs28	3
6	Prok-RING_4	3
6	Pur_ac_phosph_N	3
6	RING_XB3-XBAT31	3
6	Rtf2	3
6	Sgf11	3
6	TFIIA	3
6	TFIIIA_zf-C2H2	3
6	TMEM154	3
6	TRAF6_Z2	3
6	UBZ_FAAP20	3
6	WDR90_beta-prop_4th	3
6	XPA_N	3
6	Zf-C2H2_ZNF451_5th	3
6	Zn_Ribbon_YjdM	3
6	Zn_ribbon_19	3
6	Zn_ribbon_TFIIB	3
6	Znf_C2H2_Trps1_2nd	3
6	Znf_C2H2_Trps1_5th	3
6	bZIP_2	3
6	bZIP_Maf	3
6	zf-C2H2_Adnp2	3
6	zf-C2H2_fungi	3
6	zf-C2H2_fungi_2	3
6	zf-C2HC_3	3
6	zf-C3HC4_2	3
6	zf-KKT2_KKT3	3
6	zf-RING_5	3
6	zf_C2H2_10	3
6	ABC_tran_CTD	2
6	ANAPC4_WD40	2
6	ATG16	2
6	AT_hook	2
6	AZC_3924	2
6	Abhydrolase_3	2
6	Activin_recp	2
6	Ank	2
6	Ank_2	2
6	Ank_3	2
6	Ank_4	2
6	Ank_5	2
6	BACK	2
6	Baculo_PEP_C	2
6	Beta-prop_DCAF12	2
6	Beta-prop_LRRK2	2
6	Beta-prop_NOL10_N	2
6	Beta-prop_TEP1_C	2
6	Beta-prop_Vps41	2
6	Beta-prop_WDR41	2
6	C2-set_2	2
6	C2-set_3	2
6	C2CH-4th_BIRD-IDD	2
6	C2H2_ASCIZ	2
6	C2HC_ASCIZ	2
6	CCDC113_CCDC96_CC	2
6	CCDC22_CC	2
6	CCDC39	2
6	CCDC61_coil	2
6	CCDC89	2
6	CC_Bre1	2
6	CENP-F_leu_zip	2
6	CEP104_ZnF	2
6	CEP89	2
6	COG6_N	2
6	CRWN_N	2
6	Cmr2_Zn-bd	2
6	Coilin_N	2
6	Collagen	2
6	Cript	2
6	DHU1_N	2
6	DUF1178	2
6	DUF1668	2
6	DUF2321	2
6	DUF4200	2
6	DUF4407	2
6	DUF4796_N	2
6	DUF5830	2
6	DUF6011	2
6	DUF6242_C	2
6	DUF678	2
6	DUF724	2
6	DUF7630	2
6	DUF8054_C	2
6	DUF8221	2
6	ECSCR	2
6	EGF_DL_JAG	2
6	EGF_LMN_ATRN	2
6	ERM_helical	2
6	Esterase	2
6	Extensin_1	2
6	F-box	2
6	FH2	2
6	FYVE_2	2
6	FapA	2
6	FdhE_central	2
6	Fez1	2
6	Fib_alpha	2
6	FlxA	2
6	Fn3_ROS1	2
6	GAS	2
6	GATA	2
6	HAUS1	2
6	HEAT_2	2
6	HMBD	2
6	HVO_2901	2
6	IFT57	2
6	JAG1-like_EGF2	2
6	KIF21A	2
6	LCD1	2
6	LPP	2
6	LRRCT	2
6	LRRNT	2
6	LRR_12	2
6	LRR_At5g56370	2
6	Lar_restr_allev	2
6	NBCH_WD40	2
6	NET2A	2
6	Nuf2_DHR10-like	2
6	ODF2_C	2
6	OmpH	2
6	PHD_Pygo	2
6	PHDvar_NSD	2
6	PQQ_2	2
6	PanZ	2
6	Pellino_RING	2
6	Peptidase_S9	2
6	Protocadherin	2
6	RIFIN	2
6	RNF220	2
6	Rab11-FIP3	2
6	Rax2	2
6	Ribosomal_60s	2
6	Ribosomal_S27e	2
6	Rubredoxin	2
6	SF3a60_Prp9_C	2
6	Sina_ZnF	2
6	SlyX	2
6	Sushi	2
6	TMEM120A-B	2
6	TMF_DNA_bd	2
6	TMF_TATA_bd	2
6	TPR_1	2
6	TPR_2	2
6	TPR_8	2
6	TSTD2_N	2
6	Tropomyosin	2
6	U-box_ZFPL1	2
6	Uso1_p115_C	2
6	WD40_Gbeta	2
6	WD40_MABP1-WDR62_1st	2
6	WD40_MABP1-WDR62_2nd	2
6	WD40_RFWD3	2
6	WD40_like	2
6	YHS	2
6	YabA	2
6	YxzE	2
6	ZapB	2
6	Zf-C2H2_ZNF451_6th	2
6	Zn_ribbon_21	2
6	Zn_ribbon_5	2
6	Zn_ribbon_CLPX_N	2
6	Zn_ribbon_CSL	2
6	Zn_ribbon_DUF2089	2
6	Zn_ribbon_FGT1_1	2
6	Zn_ribbon_FGT1_2	2
6	Zn_ribbon_IS1595	2
6	Zn_ribbon_LapB	2
6	Zn_ribbon_LysW	2
6	Zn_ribbon_NrdR	2
6	Zn_ribbon_RlmA	2
6	Zn_ribbon_recom	2
6	zf-AD	2
6	zf-C2H2_9	2
6	zf-C2H2_ZFAND2	2
6	zf-C2HC5	2
6	zf-C3HC4	2
6	zf-CHY	2
6	zf-CRD	2
6	zf-DNL	2
6	zf-FCS	2
6	zf-FPG_IleRS	2
6	zf-Mss51	2
6	zf-RING_11	2
6	zf-RING_4	2
6	zf-RING_UBOX	2
6	zf-Sec23_Sec24	2
6	zf_C2H2_13	2
6	4HB_KIF14	1
6	5_3_exonuc	1
6	7TM_GPCR_Srsx	1
6	7TM_GPCR_Sru	1
6	7TM_GPCR_Srw	1
6	7TM_GPCR_Srx	1
6	AAA_14	1
6	AAA_16	1
6	AAA_22	1
6	ACBP4_C	1
6	ADIP	1
6	AI2M-like_HNH	1
6	AIM11_N	1
6	ANAPC3	1
6	ANG-1	1
6	APG6_N	1
6	ARM_TT21_N	1
6	ARS2	1
6	ATG8	1
6	ATPase-cat_bd	1
6	ATPase_2	1
6	Abhydrolase_1	1
6	Abhydrolase_2	1
6	Abhydrolase_5	1
6	Acetyltransf_1	1
6	Acetyltransf_10	1
6	Acetyltransf_7	1
6	Acyl_LnsA	1
6	Acyltransf_C	1
6	Adeno_E3_CR2	1
6	Adeno_L433K_22K	1
6	Alanine_zipper	1
6	AlgP_helical	1
6	AlphaC_N2	1
6	Amastin	1
6	Amo1_N	1
6	Apolipoprotein	1
6	AstB	1
6	Aurora-A_bind	1
6	BAG	1
6	BEGAIN_coil	1
6	BES1_N	1
6	BIR	1
6	BLOC1_2	1
6	BRE1B	1
6	BSP_II	1
6	BTB_SANBR	1
6	Baculo_ME53	1
6	Bcl-2	1
6	Beta-prop_DCAF4	1
6	Beta-prop_EIPR1	1
6	Beta-prop_HPS5	1
6	Beta-prop_IFT140_1st	1
6	Beta-prop_IFT140_2nd	1
6	Beta-prop_IP5PC_F	1
6	Beta-prop_RIG_1st	1
6	Beta-prop_SPT8	1
6	Beta-prop_VPS8	1
6	Beta-prop_WDR35_TULP_N	1
6	Big_9	1
6	BofC_C	1
6	BslA	1
6	C1-set	1
6	C1_2	1
6	C5HCH	1
6	CAF-1_p60_C	1
6	CALCOCO1	1
6	CARD	1
6	CBM_17_28	1
6	CC149	1
6	CC2-LZ	1
6	CCAP	1
6	CCDC-167	1
6	CCDC122	1
6	CCDC138_cc	1
6	CCDC157_N	1
6	CCDC171	1
6	CCDC17_middle_coil	1
6	CCHC_BCL-11A	1
6	CDC45	1
6	CDK5_activator	1
6	CENP-Q	1
6	CENPU	1
6	CEP131_CC	1
6	CEP162_C	1
6	CFAP43_N	1
6	CGLD27-like	1
6	CHP02642	1
6	CILP_C	1
6	CIS_TMP	1
6	CNOT10_TPR	1
6	COG2_N	1
6	COG3_N	1
6	COLEC12	1
6	CR_prot_dom_plant	1
6	CSTF2_hinge	1
6	CUB_M02D8_5_2nd	1
6	CXCXC	1
6	Cadherin_4	1
6	Cadherin_C_2	1
6	Cadherin_FAT4_N	1
6	Cas_Csy4	1
6	Cast	1
6	Cation_ATPase_C	1
6	Cep57_CLD_2	1
6	Chromo_2	1
6	CoV_S2	1
6	CopK	1
6	Copper-fist	1
6	CorA	1
6	Cramped_PI3K_like	1
6	CtIP_N	1
6	Cullin	1
6	Cyclin_N	1
6	Cys_rich_CPCC	1
6	Cys_rich_CWC	1
6	Cys_rich_KTR	1
6	Cytochrome_C7	1
6	DASH_Dad4	1
6	DASH_Dam1	1
6	DASH_Duo1	1
6	DASH_Hsk3	1
6	DBD_Tnp_Hermes	1
6	DNA_ligase_ZBD	1
6	DO-GTPase2	1
6	DSL	1
6	DUF1090	1
6	DUF1195	1
6	DUF1272	1
6	DUF1677	1
6	DUF1720	1
6	DUF1840	1
6	DUF1843	1
6	DUF1918	1
6	DUF1936	1
6	DUF1942	1
6	DUF1986	1
6	DUF202	1
6	DUF2180	1
6	DUF2197	1
6	DUF2570	1
6	DUF2719	1
6	DUF2730	1
6	DUF2746	1
6	DUF2752	1
6	DUF2917	1
6	DUF3069	1
6	DUF3293	1
6	DUF3432	1
6	DUF3450	1
6	DUF3557	1
6	DUF3568	1
6	DUF3671	1
6	DUF3678	1
6	DUF3822	1
6	DUF4006	1
6	DUF4047	1
6	DUF4428	1
6	DUF4493	1
6	DUF4607	1
6	DUF4686	1
6	DUF4690	1
6	DUF4729	1
6	DUF4745	1
6	DUF4764	1
6	DUF4982	1
6	DUF5024	1
6	DUF5128	1
6	DUF515	1
6	DUF530	1
6	DUF5385	1
6	DUF5472	1
6	DUF5534	1
6	DUF5790	1
6	DUF5795	1
6	DUF5798	1
6	DUF5816	1
6	DUF5841	1
6	DUF5896	1
6	DUF5917	1
6	DUF5947	1
6	DUF5955	1
6	DUF6148	1
6	DUF6276	1
6	DUF6300	1
6	DUF641	1
6	DUF6455	1
6	DUF6507	1
6	DUF6510	1
6	DUF659	1
6	DUF6742	1
6	DUF7072	1
6	DUF7117	1
6	DUF7121	1
6	DUF7310	1
6	DUF7340	1
6	DUF7365	1
6	DUF7501	1
6	DUF7507	1
6	DUF7515	1
6	DUF7558	1
6	DUF7607	1
6	DUF7713	1
6	DUF7721	1
6	DUF7896	1
6	DUF7946	1
6	DUF7963	1
6	DUF8062	1
6	DUF8112	1
6	DUF8149	1
6	DUF8328	1
6	DUF8380	1
6	DUF948	1
6	DUF951	1
6	Death_3	1
6	Dimer_Tnp_hAT	1
6	Dmd	1
6	DpnI	1
6	EF-hand_6	1
6	EF-hand_8	1
6	EGF_2	1
6	EGF_MSP1_1	1
6	EGF_PEAR1L	1
6	EGF_STAB1-2	1
6	EGF_TEN	1
6	EGF_laminin	1
6	EMP24_GP25L	1
6	ETRAMP	1
6	EVI2B	1
6	Eaf7	1
6	End3	1
6	EphA2_TM	1
6	Ephrin_CRD	1
6	Exo_endo_phos	1
6	Exonuc_VII_L	1
6	EzrA	1
6	F-box-like	1
6	FAM104	1
6	FAM25	1
6	FAM86	1
6	FKBP15	1
6	FMP23	1
6	FOG1-like_PR	1
6	FPP	1
6	FR47	1
6	FXR_C1	1
6	Fe_hydrogense_Fe-S_bd	1
6	Fer4_16	1
6	Fer4_18	1
6	Fer4_23	1
6	Filament	1
6	Flagellin_N	1
6	FlgD	1
6	FlgK_D1	1
6	FliJ	1
6	FliO	1
6	Flu_M1	1
6	Fn3_SaeA_2nd	1
6	Fn3_VIN3	1
6	Fungal_TACC	1
6	G-alpha	1
6	GFA	1
6	GMNC_C	1
6	GPR128_N	1
6	GPR158_179_EC	1
6	GSK-3_bind	1
6	GST_C	1
6	GbsR_C	1
6	Ge1_WD40	1
6	Gin	1
6	Golgin_A5	1
6	Goodbye	1
6	Gp54	1
6	GrpE	1
6	Gtr1_RagA	1
6	HAP1_N	1
6	HAUS3_C	1
6	HAUS3_CC	1
6	HC2	1
6	HCV_env	1
6	HEF_HK	1
6	HEPN_AbiU2	1
6	HH_EMRA	1
6	HI_1622_C	1
6	HLH	1
6	HMG_box	1
6	HMG_box_2	1
6	HMMR_N	1
6	HNH	1
6	HNH_5	1
6	HPE1-like_N_CxxC	1
6	HR1	1
6	HRM	1
6	HTH_18	1
6	HTH_25	1
6	HVO_0758	1
6	HVO_2718_N	1
6	HWE_HK	1
6	Head_binding	1
6	Hemerythrin	1
6	Herpes_ORF30	1
6	Herpes_U30	1
6	HisG_C	1
6	HmpF	1
6	HoxA13_N	1
6	Hs1pro-1_N	1
6	HscB_4_cys	1
6	Hydrolase_4	1
6	ICAM1_3_5_D2	1
6	IL6Ra-bind	1
6	IMUP	1
6	IRF-2BP1_2	1
6	ISK_Channel	1
6	Ig_IgSF3	1
6	Ig_J	1
6	Ig_NUP210_3rd	1
6	Ig_PDGFR_d4	1
6	Ig_TgrO1	1
6	Importin_rep_6	1
6	Interfer-bind	1
6	Izumo-Ig	1
6	JIP_LZII	1
6	KIAA1549	1
6	KIF21A_2nd	1
6	KIF21A_4th	1
6	Kazrin	1
6	LAB_N	1
6	LIP	1
6	LIP-1	1
6	LRR_R13L1-DRL21	1
6	LRR_RPS2	1
6	LRR_TMOD-LMOD	1
6	LUC7	1
6	Laminin_G_3	1
6	LbR_Ice_bind	1
6	Lectin_C	1
6	Lep_receptor_Ig	1
6	Leu_zip	1
6	Lipase_GDSL_2	1
6	LlgE_F_G_D1	1
6	LptF_LptG	1
6	MAD	1
6	MCP-like_PDC_1	1
6	MFS_2	1
6	MG280	1
6	MITF_TFEB_C_3_N	1
6	MMR_HSR1	1
6	Maelstrom	1
6	Map3k7cl	1
6	Matrilin_ccoil	1
6	Mcm10	1
6	Merozoite_SPAM	1
6	Mis12	1
6	MitMem_reg	1
6	Mito_fiss_reg	1
6	MogR_DNAbind	1
6	MtrC-MtrF_N	1
6	Mua	1
6	Myb_DNA-binding	1
6	Myc_N	1
6	NCAPD3_N	1
6	NCMAP	1
6	NDC80_loop	1
6	NEAP	1
6	NEMO	1
6	NHL	1
6	NNF2_middle	1
6	NPV_P10	1
6	NST1	1
6	Na_Ca_ex_C	1
6	Nairovirus_Gn	1
6	New_glue	1
6	Nop14	1
6	Nup54	1
6	Nup84_Nup100	1
6	ODAD1_CC	1
6	ORF6C	1
6	Occludin_ELL	1
6	Olduvai	1
6	Opalin	1
6	Opy2	1
6	Orbi_VP5	1
6	Orthopox_C10L	1
6	P63C	1
6	PAPA-1	1
6	PAS_4	1
6	PBP1_TM	1
6	PCRF	1
6	PFF1_TM	1
6	PHD_2	1
6	PHD_Oberon	1
6	PHD_ash2p_like	1
6	PHF5	1
6	PI3K_P85_iSH2	1
6	PM0109	1
6	PM1805	1
6	PRAME_C	1
6	PSP1_3rd	1
6	PUMA_CC	1
6	Peptidase_M15_2	1
6	Phage_GPO	1
6	Phage_T4_Y05D	1
6	Phage_T4_gp68	1
6	Phage_T5_RBP5	1
6	Phage_TAC_15	1
6	Phage_gp86	1
6	Phage_lysis	1
6	Phage_scaffold	1
6	Pheromone	1
6	Phlebovirus_NSM	1
6	PhoU	1
6	Phytoreo_P8	1
6	PknG_rubred	1
6	Plectin_PPL	1
6	Podoplanin	1
6	Pox_Ag35	1
6	Prefoldin	1
6	PspB	1
6	Pus10_N_euk	1
6	QRICH1	1
6	RANK_CRD_2	1
6	RGS12_us1	1
6	RGS12_usC	1
6	RIN13_N	1
6	ROQ_II	1
6	ROS_MUCR	1
6	RPC5_C	1
6	RR_TM4-6	1
6	RUN	1
6	Rad9	1
6	Ras	1
6	Rep_fac-A_C	1
6	Rgp1	1
6	Rhodanese_C	1
6	Ribosomal_L18_c	1
6	Ribosomal_L37ae	1
6	RmuC	1
6	Rod_CreS	1
6	Rpr2	1
6	Rrn7_cyclin_N	1
6	Rv0461	1
6	Rx_N	1
6	SAM_3	1
6	SAS4	1
6	SCAB-Ig	1
6	SCIFF	1
6	SEA	1
6	SEEEED	1
6	SEFIR	1
6	SET	1
6	SHCBP_N	1
6	SIGLECL1_C	1
6	SKA1	1
6	SKA3_N	1
6	SMR_helical	1
6	SOGA	1
6	SP2	1
6	SPMIP1	1
6	SRF-TF	1
6	SRPRB	1
6	SSNA1	1
6	SSV1_D-63	1
6	STAT_alpha	1
6	SYCE1	1
6	Sas6_CC	1
6	Say1_Mug180	1
6	Sec10_N	1
6	Seryl_tRNA_N	1
6	She9_MDM33	1
6	Shisa5_N	1
6	Spc24	1
6	Spectrin_7	1
6	SpoIIIAH	1
6	Spore_YhaL	1
6	SprA-related	1
6	Spt46	1
6	SutA-RBD	1
6	Syndecan	1
6	Syntaxin_2	1
6	T4_Tape_measure	1
6	T4_baseplate	1
6	TBPIP_C	1
6	TERB2	1
6	TFIIF_alpha	1
6	TIR_2	1
6	TM-like_Thioredoxin-like_C	1
6	TMEM192	1
6	TMEM51	1
6	TM_ErbB1	1
6	TNFR_ELAPOR1_6th	1
6	TPD52	1
6	TPR_12	1
6	TPR_14	1
6	TPR_17	1
6	TPR_19	1
6	TPR_6	1
6	TPR_7	1
6	TPR_MLP1_2	1
6	TPR_MalT	1
6	TRAFD1-XIAF1_ZnF	1
6	TSC22	1
6	Ta0938	1
6	Tcell_CD4_C	1
6	ThiD2	1
6	Tho2	1
6	Tmemb_55A	1
6	TnpC_reg	1
6	TnsE_C	1
6	TolB_like	1
6	TraF_2	1
6	Transpos_assoc	1
6	Trefoil	1
6	Trimer_CC	1
6	Tt1219-like	1
6	Tup_N	1
6	Type_III_YscX	1
6	UCP030365	1
6	UPF0242	1
6	UPF0547	1
6	UPF0728	1
6	Urb2	1
6	UvsW-1	1
6	VERL_C	1
6	VPS51_Exo84_N	1
6	VVA0879	1
6	V_ATPase_I	1
6	Vir1p	1
6	VirB7	1
6	Viral_helicase1	1
6	Vitellogenin_N	1
6	Vps5	1
6	WCCH	1
6	WDR54	1
6	WEMBL	1
6	WHD_MCM3	1
6	XPG_I	1
6	YL1	1
6	YNQ4_C	1
6	YgaB	1
6	Yippee-Mis18	1
6	YjiV_N	1
6	YkiC	1
6	YlqD	1
6	YoqU	1
6	YscO	1
6	YtxK_like	1
6	Yuri_gagarin	1
6	ZBED1_RNase-like	1
6	ZBED1_RNase-like_helical	1
6	ZNF804A_beta	1
6	ZW10_C	1
6	ZZ	1
6	ZapD	1
6	Zf_WRKY19	1
6	Zn_Ribbon_TF	1
6	Zn_ribbon_15	1
6	Zn_ribbon_20	1
6	Zn_ribbon_3CxxC	1
6	Zn_ribbon_DnaG	1
6	Zn_ribbon_GRF_2	1
6	Zn_ribbon_HMPTM	1
6	Zn_ribbon_ISL3	1
6	Zn_ribbon_PriA	1
6	Zn_ribbon_RRN7	1
6	Zn_ribbon_ZPR1	1
6	Zn_ribbon_double	1
6	Znf-C2H2_ZNF142	1
6	Znf_C2H2_Trps1_3rd	1
6	Znf_C2H2_Trps1_4th	1
6	Znf_XAF1_N	1
6	ZnuA	1
6	eIF2A	1
6	eIF_4EBP	1
6	zf-ANAPC11	1
6	zf-BED_2	1
6	zf-B_box_ZFPL1	1
6	zf-C2H2_5	1
6	zf-C2H2_AHC1	1
6	zf-C2H2_aberr	1
6	zf-C3H2C3	1
6	zf-C3HC4_4	1
6	zf-C3HC4_IRF-2BP1_2	1
6	zf-C4H2	1
6	zf-C4_ClpX	1
6	zf-C4pol	1
6	zf-CHCC	1
6	zf-DBF	1
6	zf-PHD-like	1
6	zf-RING_10	1
6	zf-RING_15	1
6	zf-RING_2	1
6	zf-RING_6	1
6	zf-TRAF	1
6	zf-U1	1
6	zf-WRNIP1_ubi	1
6	zf-nanos	1
6	zf-rbx1	1
6	zf_C2H2_17_1st	1
6	zf_C2H2_6	1
6	zf_Tbcl	1
6	zf_Tbcl_Rhp7	1
6	zf_ULT1	1
