"geneID"	"sources"
"Pele_DN100071_c0_g1"	"Domain"
"Pele_DN100371_c0_g1"	"Domain"
"Pele_DN100546_c0_g1"	"Domain"
"Pele_DN100894_c0_g2"	"Domain"
"Pele_DN101672_c1_g1"	"Domain"
"Pele_DN101758_c0_g1"	"Domain"
"Pele_DN101781_c0_g1"	"Domain"
"Pele_DN101920_c0_g1"	"Domain"
"Pele_DN101958_c0_g1"	"Domain"
"Pele_DN102693_c0_g3"	"Domain"
"Pele_DN102820_c0_g1"	"Domain"
"Pele_DN103233_c0_g1"	"Domain"
"Pele_DN103404_c0_g1"	"Domain"
"Pele_DN103802_c0_g1"	"Domain"
"Pele_DN104001_c0_g1"	"Domain"
"Pele_DN104041_c0_g1"	"Domain"
"Pele_DN104183_c0_g1"	"Domain"
"Pele_DN104197_c0_g1"	"Domain"
"Pele_DN104464_c0_g1"	"Domain"
"Pele_DN105094_c0_g1"	"Domain"
"Pele_DN105601_c0_g1"	"Domain"
"Pele_DN105649_c0_g1"	"Domain"
"Pele_DN105848_c0_g1"	"Domain"
"Pele_DN106105_c0_g1"	"Domain"
"Pele_DN106222_c0_g1"	"Domain"
"Pele_DN106306_c0_g1"	"Domain"
"Pele_DN106357_c0_g1"	"Domain"
"Pele_DN106682_c0_g1"	"Domain"
"Pele_DN106700_c0_g1"	"Domain"
"Pele_DN107485_c0_g1"	"Domain"
"Pele_DN108118_c0_g2"	"Domain"
"Pele_DN108193_c0_g1"	"Domain"
"Pele_DN108293_c0_g1"	"Domain"
"Pele_DN108296_c0_g1"	"Domain"
"Pele_DN108370_c0_g1"	"Domain"
"Pele_DN109134_c0_g1"	"Domain"
"Pele_DN109283_c0_g1"	"Domain"
"Pele_DN109372_c0_g1"	"Domain"
"Pele_DN109729_c0_g1"	"Domain"
"Pele_DN109913_c0_g1"	"Domain"
"Pele_DN110073_c0_g1"	"Domain"
"Pele_DN110367_c0_g1"	"Domain"
"Pele_DN110414_c0_g1"	"Domain"
"Pele_DN110748_c0_g1"	"Domain"
"Pele_DN110803_c0_g1"	"Domain"
"Pele_DN111172_c0_g1"	"Domain"
"Pele_DN111285_c0_g1"	"Domain"
"Pele_DN111340_c0_g1"	"Domain"
"Pele_DN111364_c0_g1"	"Domain"
"Pele_DN111456_c0_g1"	"Domain"
"Pele_DN111835_c0_g1"	"Domain"
"Pele_DN112144_c0_g1"	"Domain"
"Pele_DN112181_c0_g1"	"Domain"
"Pele_DN112203_c0_g2"	"Domain"
"Pele_DN112261_c0_g1"	"Domain"
"Pele_DN112402_c0_g1"	"Domain"
"Pele_DN112476_c0_g1"	"Domain"
"Pele_DN112518_c0_g1"	"Domain"
"Pele_DN112665_c0_g1"	"Domain"
"Pele_DN112728_c0_g1"	"Domain"
"Pele_DN112802_c0_g1"	"Domain"
"Pele_DN112917_c0_g1"	"Domain"
"Pele_DN112990_c0_g1"	"Domain"
"Pele_DN113036_c0_g1"	"Domain"
"Pele_DN113405_c0_g1"	"Domain"
"Pele_DN113552_c0_g1"	"Domain"
"Pele_DN113711_c0_g2"	"Domain"
"Pele_DN113714_c0_g1"	"Domain"
"Pele_DN113826_c0_g1"	"Domain"
"Pele_DN113882_c0_g1"	"Domain"
"Pele_DN113949_c0_g1"	"Domain"
"Pele_DN114115_c0_g1"	"Domain"
"Pele_DN114200_c0_g1"	"Domain"
"Pele_DN114397_c0_g2"	"Domain"
"Pele_DN114513_c0_g1"	"Domain"
"Pele_DN114632_c0_g1"	"Domain"
"Pele_DN114637_c0_g1"	"Domain"
"Pele_DN114655_c0_g1"	"Domain"
"Pele_DN114810_c0_g2"	"Domain"
"Pele_DN11488_c0_g1"	"Domain"
"Pele_DN115163_c1_g2"	"Domain"
"Pele_DN115166_c0_g1"	"Domain"
"Pele_DN115307_c0_g1"	"Domain"
"Pele_DN115307_c0_g2"	"Domain"
"Pele_DN115377_c0_g1"	"Domain"
"Pele_DN115388_c0_g2"	"Domain"
"Pele_DN115684_c1_g1"	"Domain"
"Pele_DN115846_c0_g1"	"Domain"
"Pele_DN116002_c0_g1"	"Domain"
"Pele_DN116008_c0_g1"	"Domain"
"Pele_DN116074_c0_g1"	"Domain"
"Pele_DN116110_c0_g1"	"Domain"
"Pele_DN116148_c0_g1"	"Domain"
"Pele_DN116257_c0_g1"	"Domain"
"Pele_DN11638_c0_g1"	"Domain"
"Pele_DN116481_c0_g1"	"Domain"
"Pele_DN116507_c0_g1"	"Domain"
"Pele_DN116534_c0_g1"	"Domain"
"Pele_DN116613_c0_g1"	"Domain"
"Pele_DN116733_c0_g1"	"Domain"
"Pele_DN116898_c0_g1"	"Domain"
"Pele_DN116966_c0_g1"	"Domain"
"Pele_DN117067_c0_g1"	"Domain"
"Pele_DN11708_c0_g2"	"Domain"
"Pele_DN117136_c0_g1"	"Domain"
"Pele_DN117147_c0_g1"	"Domain"
"Pele_DN117468_c0_g1"	"Domain"
"Pele_DN11775_c0_g1"	"Domain"
"Pele_DN117804_c0_g1"	"Domain"
"Pele_DN118069_c0_g1"	"Domain"
"Pele_DN118261_c0_g1"	"Domain"
"Pele_DN118288_c0_g1"	"Domain"
"Pele_DN118289_c0_g2"	"Domain"
"Pele_DN11834_c0_g2"	"Domain"
"Pele_DN118502_c0_g2"	"Domain"
"Pele_DN118712_c0_g1"	"Domain"
"Pele_DN118858_c0_g1"	"Domain"
"Pele_DN119052_c0_g1"	"Domain"
"Pele_DN119062_c0_g1"	"Domain"
"Pele_DN119196_c0_g1"	"Domain"
"Pele_DN119369_c0_g2"	"Domain"
"Pele_DN119499_c0_g1"	"Domain"
"Pele_DN119572_c0_g1"	"Domain"
"Pele_DN119640_c0_g2"	"Domain"
"Pele_DN119724_c0_g1"	"Domain"
"Pele_DN120053_c0_g1"	"Domain"
"Pele_DN120108_c0_g1"	"Domain"
"Pele_DN120121_c0_g1"	"Domain"
"Pele_DN120150_c1_g1"	"Domain"
"Pele_DN120162_c0_g1"	"Domain"
"Pele_DN120251_c0_g1"	"Domain"
"Pele_DN120283_c0_g1"	"Domain"
"Pele_DN120292_c0_g1"	"Domain"
"Pele_DN120429_c0_g1"	"Domain"
"Pele_DN120475_c0_g1"	"Domain"
"Pele_DN121186_c0_g1"	"Domain"
"Pele_DN121442_c0_g2"	"Domain"
"Pele_DN121562_c0_g1"	"Domain"
"Pele_DN121567_c1_g1"	"Domain"
"Pele_DN121687_c0_g1"	"Domain"
"Pele_DN121712_c0_g1"	"Domain"
"Pele_DN121742_c0_g1"	"Domain"
"Pele_DN121789_c2_g2"	"Domain"
"Pele_DN121856_c0_g1"	"Domain"
"Pele_DN121856_c0_g2"	"Domain"
"Pele_DN121947_c0_g1"	"Domain"
"Pele_DN122120_c0_g1"	"Domain"
"Pele_DN122186_c0_g1"	"Domain"
"Pele_DN122217_c1_g1"	"Domain"
"Pele_DN122470_c0_g1"	"Domain"
"Pele_DN122546_c0_g1"	"Domain"
"Pele_DN122738_c0_g1"	"Domain"
"Pele_DN122785_c0_g1"	"Domain"
"Pele_DN122826_c0_g1"	"Domain"
"Pele_DN122862_c0_g1"	"Domain"
"Pele_DN122977_c0_g1"	"Domain"
"Pele_DN123049_c0_g2"	"Domain"
"Pele_DN123210_c0_g1"	"Domain"
"Pele_DN123233_c2_g1"	"Domain"
"Pele_DN123239_c0_g1"	"Domain"
"Pele_DN123554_c0_g2"	"Domain"
"Pele_DN123701_c0_g1"	"Domain"
"Pele_DN124034_c0_g1"	"Domain"
"Pele_DN124042_c0_g1"	"Domain"
"Pele_DN124042_c0_g2"	"Domain"
"Pele_DN124204_c0_g1"	"Domain"
"Pele_DN124210_c0_g1"	"Domain"
"Pele_DN124238_c3_g1"	"Domain"
"Pele_DN124376_c0_g2"	"Domain"
"Pele_DN124562_c0_g1"	"Domain"
"Pele_DN124570_c0_g1"	"Domain"
"Pele_DN124627_c0_g1"	"Domain"
"Pele_DN124713_c0_g1"	"Domain"
"Pele_DN124769_c0_g1"	"Domain"
"Pele_DN124789_c0_g2"	"Domain"
"Pele_DN124960_c0_g1"	"Domain"
"Pele_DN125196_c0_g1"	"Domain"
"Pele_DN125228_c0_g2"	"Domain"
"Pele_DN125257_c0_g1"	"Domain"
"Pele_DN125279_c0_g1"	"Domain"
"Pele_DN125474_c0_g2"	"Domain"
"Pele_DN125519_c0_g1"	"Domain"
"Pele_DN125569_c0_g1"	"Domain"
"Pele_DN125647_c0_g1"	"Domain"
"Pele_DN125711_c0_g2"	"Domain"
"Pele_DN125801_c0_g1"	"Domain"
"Pele_DN125994_c0_g1"	"Domain"
"Pele_DN125997_c0_g2"	"Domain"
"Pele_DN126194_c0_g1"	"Domain"
"Pele_DN126301_c0_g1"	"Domain"
"Pele_DN126313_c0_g1"	"Domain"
"Pele_DN126321_c0_g1"	"Domain"
"Pele_DN126362_c0_g1"	"Domain"
"Pele_DN126374_c0_g1"	"Domain"
"Pele_DN126416_c0_g1"	"Domain"
"Pele_DN126426_c0_g1"	"Domain"
"Pele_DN126460_c0_g1"	"Domain"
"Pele_DN126478_c1_g2"	"Domain"
"Pele_DN126503_c0_g1"	"Domain"
"Pele_DN126556_c0_g5"	"Domain"
"Pele_DN126628_c0_g1"	"Domain"
"Pele_DN126737_c3_g2"	"Domain"
"Pele_DN126919_c0_g1"	"Domain"
"Pele_DN127183_c0_g1"	"Domain"
"Pele_DN127222_c0_g1"	"Domain"
"Pele_DN127366_c0_g4"	"Domain"
"Pele_DN127612_c0_g1"	"Domain"
"Pele_DN127745_c0_g1"	"Domain"
"Pele_DN127793_c0_g1"	"Domain"
"Pele_DN127801_c0_g1"	"Domain"
"Pele_DN127853_c0_g1"	"Domain"
"Pele_DN128155_c0_g1"	"Domain"
"Pele_DN128157_c0_g1"	"Domain"
"Pele_DN128359_c0_g1"	"Domain"
"Pele_DN128407_c0_g1"	"Domain"
"Pele_DN128533_c0_g1"	"Domain"
"Pele_DN128539_c0_g2"	"Domain"
"Pele_DN128664_c1_g1"	"Domain"
"Pele_DN128668_c0_g1"	"Domain"
"Pele_DN128702_c0_g2"	"Domain"
"Pele_DN128866_c1_g1"	"Domain"
"Pele_DN128946_c0_g3"	"Domain"
"Pele_DN128999_c0_g1"	"Domain"
"Pele_DN129046_c0_g4"	"Domain"
"Pele_DN129149_c0_g1"	"Domain"
"Pele_DN129156_c0_g1"	"Domain"
"Pele_DN129226_c0_g1"	"Domain"
"Pele_DN129281_c0_g1"	"Domain"
"Pele_DN129286_c0_g1"	"Domain"
"Pele_DN129390_c0_g2"	"Domain"
"Pele_DN129427_c0_g1"	"Domain"
"Pele_DN129431_c0_g1"	"Domain"
"Pele_DN129499_c0_g2"	"Domain"
"Pele_DN129586_c0_g2"	"Domain"
"Pele_DN129653_c5_g1"	"Domain"
"Pele_DN129655_c0_g1"	"Domain"
"Pele_DN129800_c0_g1"	"Domain"
"Pele_DN129912_c0_g1"	"Domain"
"Pele_DN129937_c0_g1"	"Domain"
"Pele_DN130163_c0_g1"	"Domain"
"Pele_DN130251_c0_g3"	"Domain"
"Pele_DN130277_c0_g1"	"Domain"
"Pele_DN130297_c0_g1"	"Domain"
"Pele_DN130315_c0_g1"	"Domain"
"Pele_DN130349_c0_g1"	"Domain"
"Pele_DN130386_c0_g1"	"Domain"
"Pele_DN130402_c0_g1"	"Domain"
"Pele_DN130426_c0_g1"	"Domain"
"Pele_DN130469_c0_g1"	"Domain"
"Pele_DN130496_c1_g1"	"Domain"
"Pele_DN130779_c0_g1"	"Domain"
"Pele_DN130802_c0_g1"	"Domain"
"Pele_DN130910_c1_g1"	"Domain"
"Pele_DN131006_c0_g1"	"Domain"
"Pele_DN131037_c0_g1"	"Domain"
"Pele_DN131064_c4_g1"	"Domain"
"Pele_DN131083_c0_g3"	"Domain"
"Pele_DN131122_c0_g1"	"Domain"
"Pele_DN131133_c0_g2"	"Domain"
"Pele_DN131205_c0_g1"	"Domain"
"Pele_DN131282_c0_g1"	"Domain"
"Pele_DN131283_c0_g1"	"Domain"
"Pele_DN131327_c0_g1"	"Domain"
"Pele_DN131329_c0_g1"	"Domain"
"Pele_DN131380_c0_g1"	"Domain"
"Pele_DN131382_c0_g1"	"Domain"
"Pele_DN131409_c0_g1"	"Domain"
"Pele_DN131417_c0_g1"	"Domain"
"Pele_DN131467_c0_g1"	"Domain"
"Pele_DN131554_c0_g1"	"Domain"
"Pele_DN131590_c0_g1"	"Domain"
"Pele_DN131643_c0_g1"	"Domain"
"Pele_DN131647_c0_g1"	"Domain"
"Pele_DN131671_c0_g3"	"Domain"
"Pele_DN131708_c0_g1"	"Domain"
"Pele_DN131712_c0_g1"	"Domain"
"Pele_DN131760_c0_g1"	"Domain"
"Pele_DN131903_c0_g1"	"Domain"
"Pele_DN131914_c1_g1"	"Domain"
"Pele_DN131921_c0_g1"	"Domain"
"Pele_DN131930_c0_g3"	"Domain"
"Pele_DN131944_c0_g1"	"Domain"
"Pele_DN132043_c0_g1"	"Domain"
"Pele_DN132720_c1_g1"	"Domain"
"Pele_DN132817_c0_g1"	"Domain"
"Pele_DN132991_c0_g1"	"Domain"
"Pele_DN133107_c0_g1"	"Domain"
"Pele_DN133185_c0_g1"	"Domain"
"Pele_DN133213_c0_g1"	"Domain"
"Pele_DN133225_c0_g1"	"Domain"
"Pele_DN133543_c0_g1"	"Domain"
"Pele_DN133733_c0_g2"	"Domain"
"Pele_DN133775_c1_g3"	"Domain"
"Pele_DN133817_c0_g1"	"Domain"
"Pele_DN133863_c0_g2"	"Domain"
"Pele_DN134090_c0_g1"	"Domain"
"Pele_DN134117_c0_g1"	"Domain"
"Pele_DN134306_c1_g2"	"Domain"
"Pele_DN134428_c0_g1"	"Domain"
"Pele_DN134448_c0_g1"	"Domain"
"Pele_DN134474_c0_g1"	"Domain"
"Pele_DN134552_c1_g1"	"Domain"
"Pele_DN134619_c0_g1"	"Domain"
"Pele_DN134676_c1_g2"	"Domain"
"Pele_DN134680_c2_g2"	"Domain"
"Pele_DN134792_c0_g1"	"Domain"
"Pele_DN134830_c0_g1"	"Domain"
"Pele_DN134924_c0_g1"	"Domain"
"Pele_DN134926_c1_g1"	"Domain"
"Pele_DN135061_c0_g1"	"Domain"
"Pele_DN135080_c1_g1"	"Domain"
"Pele_DN135119_c1_g1"	"Domain"
"Pele_DN135128_c0_g1"	"Domain"
"Pele_DN135316_c0_g2"	"Domain"
"Pele_DN135369_c0_g2"	"Domain"
"Pele_DN135515_c3_g1"	"Domain"
"Pele_DN135515_c4_g1"	"Domain"
"Pele_DN135664_c0_g1"	"Domain"
"Pele_DN135681_c0_g1"	"Domain"
"Pele_DN135770_c0_g1"	"Domain"
"Pele_DN135902_c6_g2"	"Domain"
"Pele_DN135917_c1_g2"	"Domain"
"Pele_DN135938_c0_g1"	"Domain"
"Pele_DN135949_c0_g2"	"Domain"
"Pele_DN135971_c0_g1"	"Domain"
"Pele_DN136215_c1_g1"	"Domain"
"Pele_DN136240_c0_g1"	"Domain"
"Pele_DN136264_c0_g1"	"Domain"
"Pele_DN136276_c0_g1"	"Domain"
"Pele_DN136400_c0_g2"	"Domain"
"Pele_DN136594_c0_g3"	"Domain"
"Pele_DN136738_c0_g1"	"Domain"
"Pele_DN136789_c0_g1"	"Domain"
"Pele_DN136955_c0_g1"	"Domain"
"Pele_DN137100_c0_g1"	"Domain"
"Pele_DN137111_c0_g2"	"Domain"
"Pele_DN137128_c0_g1"	"Domain"
"Pele_DN137254_c0_g1"	"Domain"
"Pele_DN137299_c0_g1"	"Domain"
"Pele_DN137314_c0_g1"	"Domain"
"Pele_DN137366_c0_g1"	"Domain"
"Pele_DN137395_c0_g1"	"Domain"
"Pele_DN137412_c1_g2"	"Domain"
"Pele_DN137426_c1_g1"	"Domain"
"Pele_DN137457_c0_g1"	"Domain"
"Pele_DN137480_c0_g1"	"Domain"
"Pele_DN137573_c0_g1"	"Domain"
"Pele_DN137637_c0_g1"	"Domain"
"Pele_DN137665_c0_g1"	"Domain"
"Pele_DN137671_c1_g2"	"Domain"
"Pele_DN137759_c0_g4"	"Domain"
"Pele_DN137807_c0_g1"	"Domain"
"Pele_DN137850_c1_g10"	"Domain"
"Pele_DN137857_c0_g1"	"Domain"
"Pele_DN137860_c0_g1"	"Domain"
"Pele_DN137862_c0_g1"	"Domain"
"Pele_DN137885_c3_g3"	"Domain"
"Pele_DN137894_c0_g1"	"Domain"
"Pele_DN137910_c0_g3"	"Domain"
"Pele_DN137954_c0_g1"	"Domain"
"Pele_DN137956_c3_g1"	"Domain"
"Pele_DN137967_c0_g1"	"Domain"
"Pele_DN138033_c0_g1"	"Domain"
"Pele_DN138042_c0_g2"	"Domain"
"Pele_DN138171_c0_g1"	"Domain"
"Pele_DN138269_c4_g1"	"Domain"
"Pele_DN138285_c5_g1"	"Domain"
"Pele_DN138510_c0_g1"	"Domain"
"Pele_DN138519_c0_g1"	"Domain"
"Pele_DN138604_c2_g7"	"Domain"
"Pele_DN138606_c3_g1"	"Domain"
"Pele_DN138735_c0_g1"	"Domain"
"Pele_DN138768_c7_g7"	"Domain"
"Pele_DN138783_c0_g2"	"Domain"
"Pele_DN138800_c0_g4"	"Domain"
"Pele_DN138814_c0_g1"	"Domain"
"Pele_DN139024_c0_g2"	"Domain"
"Pele_DN139120_c0_g1"	"Domain"
"Pele_DN139125_c0_g1"	"Domain"
"Pele_DN139182_c0_g3"	"Domain"
"Pele_DN139232_c1_g1"	"Domain"
"Pele_DN139340_c0_g1"	"Domain"
"Pele_DN139382_c0_g1"	"Domain"
"Pele_DN139431_c0_g1"	"Domain"
"Pele_DN139439_c0_g1"	"Domain"
"Pele_DN139549_c2_g3"	"Domain"
"Pele_DN139589_c8_g2"	"Domain"
"Pele_DN139677_c0_g1"	"Domain"
"Pele_DN139682_c0_g1"	"Domain"
"Pele_DN139696_c0_g1"	"Domain"
"Pele_DN139716_c0_g1"	"Domain"
"Pele_DN139845_c0_g1"	"Domain"
"Pele_DN139978_c2_g7"	"Domain"
"Pele_DN139994_c0_g2"	"Domain"
"Pele_DN140023_c0_g6"	"Domain"
"Pele_DN140046_c0_g1"	"Domain"
"Pele_DN140152_c0_g2"	"Domain"
"Pele_DN140241_c1_g2"	"Domain"
"Pele_DN140259_c0_g3"	"Domain"
"Pele_DN140273_c0_g1"	"Domain"
"Pele_DN140321_c1_g2"	"Domain"
"Pele_DN140337_c0_g1"	"Domain"
"Pele_DN140401_c2_g2"	"Domain"
"Pele_DN140428_c0_g1"	"Domain"
"Pele_DN140489_c5_g1"	"Domain"
"Pele_DN140500_c0_g1"	"Domain"
"Pele_DN140566_c1_g2"	"Domain"
"Pele_DN140616_c0_g1"	"Domain"
"Pele_DN140676_c0_g1"	"Domain"
"Pele_DN140680_c0_g4"	"Domain"
"Pele_DN140792_c0_g2"	"Domain"
"Pele_DN140830_c0_g1"	"Domain"
"Pele_DN14087_c0_g1"	"Domain"
"Pele_DN140883_c0_g1"	"Domain"
"Pele_DN140916_c3_g2"	"Domain"
"Pele_DN141060_c1_g1"	"Domain"
"Pele_DN141071_c0_g1"	"Domain"
"Pele_DN141137_c0_g2"	"Domain"
"Pele_DN141139_c0_g1"	"Domain"
"Pele_DN141157_c0_g1"	"Domain"
"Pele_DN141248_c1_g13"	"Domain"
"Pele_DN141260_c0_g1"	"Domain"
"Pele_DN141321_c0_g1"	"Domain"
"Pele_DN141326_c0_g1"	"Domain"
"Pele_DN141405_c0_g1"	"Domain"
"Pele_DN141451_c0_g4"	"Domain"
"Pele_DN141508_c4_g12"	"Domain"
"Pele_DN141556_c0_g1"	"Domain"
"Pele_DN141583_c1_g1"	"Domain"
"Pele_DN141641_c0_g3"	"Domain"
"Pele_DN141658_c0_g3"	"Domain"
"Pele_DN141806_c0_g1"	"Domain"
"Pele_DN141811_c3_g1"	"Domain"
"Pele_DN141841_c4_g1"	"Domain"
"Pele_DN141851_c0_g1"	"Domain"
"Pele_DN141856_c0_g2"	"Domain"
"Pele_DN141858_c0_g1"	"Domain"
"Pele_DN141971_c0_g1"	"Domain"
"Pele_DN141989_c3_g3"	"Domain"
"Pele_DN141995_c0_g1"	"Domain"
"Pele_DN142008_c0_g2"	"Domain"
"Pele_DN142022_c0_g1"	"Domain"
"Pele_DN142090_c0_g1"	"Domain"
"Pele_DN142108_c1_g3"	"Domain"
"Pele_DN142161_c0_g2"	"Domain"
"Pele_DN142181_c0_g5"	"Domain"
"Pele_DN142207_c1_g8"	"Domain"
"Pele_DN142252_c0_g1"	"Domain"
"Pele_DN142292_c0_g2"	"Domain"
"Pele_DN142374_c0_g1"	"Domain"
"Pele_DN142407_c0_g1"	"Domain"
"Pele_DN142413_c0_g1"	"Domain"
"Pele_DN142442_c0_g1"	"Domain"
"Pele_DN142459_c0_g2"	"Domain"
"Pele_DN142501_c0_g3"	"Domain"
"Pele_DN142530_c0_g1"	"Domain"
"Pele_DN142562_c0_g4"	"Domain"
"Pele_DN142634_c0_g1"	"Domain"
"Pele_DN142723_c0_g2"	"Domain"
"Pele_DN142729_c2_g1"	"Domain"
"Pele_DN142781_c0_g1"	"Domain"
"Pele_DN142910_c1_g3"	"Domain"
"Pele_DN142966_c2_g2"	"Domain"
"Pele_DN142974_c0_g6"	"Domain"
"Pele_DN142974_c0_g7"	"Domain"
"Pele_DN142992_c0_g1"	"Domain"
"Pele_DN143023_c0_g1"	"Domain"
"Pele_DN143094_c0_g1"	"Domain"
"Pele_DN143124_c0_g1"	"Domain"
"Pele_DN143152_c1_g1"	"Domain"
"Pele_DN143309_c0_g4"	"Domain"
"Pele_DN143354_c0_g1"	"Domain"
"Pele_DN143418_c3_g1"	"Domain"
"Pele_DN143481_c3_g1"	"Domain"
"Pele_DN143494_c0_g1"	"Domain"
"Pele_DN143602_c2_g1"	"Domain"
"Pele_DN143602_c6_g1"	"Domain"
"Pele_DN143723_c0_g8"	"Domain"
"Pele_DN143736_c2_g1"	"Domain"
"Pele_DN143795_c4_g4"	"Domain"
"Pele_DN143795_c4_g7"	"Domain"
"Pele_DN143802_c0_g1"	"Domain"
"Pele_DN143847_c0_g1"	"Domain"
"Pele_DN143890_c0_g1"	"Domain"
"Pele_DN143963_c3_g1"	"Domain"
"Pele_DN143981_c2_g5"	"Domain"
"Pele_DN143987_c1_g1"	"Domain"
"Pele_DN144013_c1_g1"	"Domain"
"Pele_DN144081_c0_g1"	"Domain"
"Pele_DN144108_c0_g1"	"Domain"
"Pele_DN144184_c2_g2"	"Domain"
"Pele_DN144184_c2_g3"	"Domain"
"Pele_DN144211_c2_g2"	"Domain"
"Pele_DN144223_c4_g1"	"Domain"
"Pele_DN144275_c0_g1"	"Domain"
"Pele_DN144335_c4_g1"	"Domain"
"Pele_DN144502_c0_g1"	"Domain"
"Pele_DN144522_c0_g3"	"Domain"
"Pele_DN144557_c1_g12"	"Domain"
"Pele_DN144595_c2_g1"	"Domain"
"Pele_DN144598_c0_g1"	"Domain"
"Pele_DN144611_c1_g7"	"Domain"
"Pele_DN144617_c2_g1"	"Domain"
"Pele_DN144658_c1_g1"	"Domain"
"Pele_DN144676_c0_g1"	"Domain"
"Pele_DN144733_c0_g1"	"Domain"
"Pele_DN144745_c0_g1"	"Domain"
"Pele_DN144754_c1_g2"	"Domain"
"Pele_DN144784_c2_g1"	"Domain"
"Pele_DN144836_c1_g1"	"Domain"
"Pele_DN144841_c0_g2"	"Domain"
"Pele_DN144858_c0_g1"	"Domain"
"Pele_DN144892_c0_g2"	"Domain"
"Pele_DN144913_c0_g1"	"Domain"
"Pele_DN144925_c2_g1"	"Domain"
"Pele_DN145078_c0_g2"	"Domain"
"Pele_DN145105_c1_g1"	"Domain"
"Pele_DN145214_c3_g1"	"Domain"
"Pele_DN145275_c5_g2"	"Domain"
"Pele_DN145307_c0_g1"	"Domain"
"Pele_DN145313_c0_g1"	"Domain"
"Pele_DN145313_c0_g13"	"Domain"
"Pele_DN145313_c0_g14"	"Domain"
"Pele_DN145313_c0_g15"	"Domain"
"Pele_DN145316_c0_g1"	"Domain"
"Pele_DN145363_c0_g2"	"Domain"
"Pele_DN145433_c2_g2"	"Domain"
"Pele_DN145559_c0_g3"	"Domain"
"Pele_DN145561_c1_g2"	"Domain"
"Pele_DN145593_c0_g1"	"Domain"
"Pele_DN145613_c1_g1"	"Domain"
"Pele_DN145634_c3_g1"	"Domain"
"Pele_DN145743_c0_g1"	"Domain"
"Pele_DN145785_c1_g1"	"Domain"
"Pele_DN145791_c0_g2"	"Domain"
"Pele_DN145813_c0_g2"	"Domain"
"Pele_DN145857_c2_g2"	"Domain"
"Pele_DN145866_c2_g1"	"Domain"
"Pele_DN145885_c3_g2"	"Domain"
"Pele_DN145897_c0_g1"	"Domain"
"Pele_DN145897_c0_g3"	"Domain"
"Pele_DN145908_c2_g1"	"Domain"
"Pele_DN146093_c0_g2"	"Domain"
"Pele_DN146102_c0_g1"	"Domain"
"Pele_DN146166_c0_g1"	"Domain"
"Pele_DN146192_c0_g4"	"Domain"
"Pele_DN146201_c0_g1"	"Domain"
"Pele_DN146248_c0_g1"	"Domain"
"Pele_DN146354_c1_g1"	"Domain"
"Pele_DN146401_c0_g1"	"Domain"
"Pele_DN146403_c1_g2"	"Domain"
"Pele_DN146479_c0_g2"	"Domain"
"Pele_DN146535_c0_g2"	"Domain"
"Pele_DN146537_c5_g1"	"Domain"
"Pele_DN146539_c2_g1"	"Domain"
"Pele_DN146598_c0_g1"	"Domain"
"Pele_DN146611_c0_g1"	"Domain"
"Pele_DN146694_c1_g1"	"Domain"
"Pele_DN146714_c6_g1"	"Domain"
"Pele_DN146739_c0_g1"	"Domain"
"Pele_DN146745_c1_g2"	"Domain"
"Pele_DN146766_c1_g1"	"Domain"
"Pele_DN146784_c0_g1"	"Domain"
"Pele_DN146817_c1_g1"	"Domain"
"Pele_DN146840_c0_g1"	"Domain"
"Pele_DN146853_c1_g1"	"Domain"
"Pele_DN146878_c0_g3"	"Domain"
"Pele_DN146879_c0_g1"	"Domain"
"Pele_DN146884_c2_g1"	"Domain"
"Pele_DN146888_c0_g2"	"Domain"
"Pele_DN146901_c1_g4"	"Domain"
"Pele_DN146907_c0_g1"	"Domain"
"Pele_DN146953_c0_g1"	"Domain"
"Pele_DN146957_c0_g1"	"Domain"
"Pele_DN146973_c1_g2"	"Domain"
"Pele_DN147015_c1_g1"	"Domain"
"Pele_DN147058_c2_g1"	"Domain"
"Pele_DN147125_c7_g2"	"Domain"
"Pele_DN147170_c0_g1"	"Domain"
"Pele_DN147173_c4_g1"	"Domain"
"Pele_DN147271_c2_g6"	"Domain"
"Pele_DN147293_c0_g1"	"Domain"
"Pele_DN147302_c0_g2"	"Domain"
"Pele_DN147317_c0_g1"	"Domain"
"Pele_DN147320_c0_g1"	"Domain"
"Pele_DN14734_c0_g2"	"Domain"
"Pele_DN147367_c1_g1"	"Domain"
"Pele_DN147540_c4_g3"	"Domain"
"Pele_DN147627_c1_g1"	"Domain"
"Pele_DN147670_c3_g1"	"Domain"
"Pele_DN147732_c2_g3"	"Domain"
"Pele_DN147737_c0_g1"	"Domain"
"Pele_DN147814_c0_g1"	"Domain"
"Pele_DN147871_c1_g5"	"Domain"
"Pele_DN147878_c0_g3"	"Domain"
"Pele_DN147934_c0_g4"	"Domain"
"Pele_DN147936_c3_g1"	"Domain"
"Pele_DN148003_c1_g6"	"Domain"
"Pele_DN148020_c0_g2"	"Domain"
"Pele_DN148070_c0_g1"	"Domain"
"Pele_DN148103_c3_g1"	"Domain"
"Pele_DN148135_c0_g1"	"Domain"
"Pele_DN148135_c0_g3"	"Domain"
"Pele_DN148186_c0_g1"	"Domain"
"Pele_DN148200_c1_g1"	"Domain"
"Pele_DN148245_c3_g1"	"Domain"
"Pele_DN148270_c0_g1"	"Domain"
"Pele_DN148299_c4_g6"	"Domain"
"Pele_DN148368_c3_g1"	"Domain"
"Pele_DN148399_c0_g1"	"Domain"
"Pele_DN148434_c0_g1"	"Domain"
"Pele_DN148441_c0_g2"	"Domain"
"Pele_DN148441_c0_g5"	"Domain"
"Pele_DN148451_c3_g3"	"Domain"
"Pele_DN148484_c0_g1"	"Domain"
"Pele_DN148513_c0_g5"	"Domain"
"Pele_DN148572_c0_g1"	"Domain"
"Pele_DN148595_c2_g2"	"Domain"
"Pele_DN148608_c0_g1"	"Domain"
"Pele_DN148741_c2_g4"	"Domain"
"Pele_DN148795_c0_g1"	"Domain"
"Pele_DN148816_c0_g2"	"Domain"
"Pele_DN148843_c0_g16"	"Domain"
"Pele_DN148856_c1_g1"	"Domain"
"Pele_DN148879_c0_g1"	"Domain"
"Pele_DN148942_c0_g1"	"Domain"
"Pele_DN148964_c0_g2"	"Domain"
"Pele_DN149028_c0_g1"	"Domain"
"Pele_DN149059_c0_g1"	"Domain"
"Pele_DN149140_c0_g1"	"Domain"
"Pele_DN149239_c0_g5"	"Domain"
"Pele_DN149247_c0_g4"	"Domain"
"Pele_DN149253_c1_g2"	"Domain"
"Pele_DN149268_c0_g1"	"Domain"
"Pele_DN149281_c1_g1"	"Domain"
"Pele_DN149302_c0_g2"	"Domain"
"Pele_DN149305_c1_g1"	"Domain"
"Pele_DN149387_c0_g1"	"Domain"
"Pele_DN149403_c5_g1"	"Domain"
"Pele_DN149426_c0_g1"	"Domain"
"Pele_DN149468_c2_g1"	"Domain"
"Pele_DN149530_c0_g3"	"Domain"
"Pele_DN149541_c2_g1"	"Domain"
"Pele_DN149698_c1_g2"	"Domain"
"Pele_DN149737_c0_g1"	"Domain"
"Pele_DN149752_c3_g1"	"Domain"
"Pele_DN149754_c2_g1"	"Domain"
"Pele_DN149778_c1_g1"	"Domain"
"Pele_DN149823_c1_g2"	"Domain"
"Pele_DN149879_c4_g6"	"Domain"
"Pele_DN149926_c0_g4"	"Domain"
"Pele_DN149935_c0_g5"	"Domain"
"Pele_DN149941_c1_g1"	"Domain"
"Pele_DN149973_c1_g3"	"Domain"
"Pele_DN150031_c0_g6"	"Domain"
"Pele_DN150057_c1_g1"	"Domain"
"Pele_DN150118_c2_g1"	"Domain"
"Pele_DN150123_c3_g2"	"Domain"
"Pele_DN150147_c1_g1"	"Domain"
"Pele_DN150187_c0_g1"	"Domain"
"Pele_DN150188_c3_g1"	"Domain"
"Pele_DN150263_c0_g1"	"Domain"
"Pele_DN150327_c1_g1"	"Domain"
"Pele_DN150332_c1_g1"	"Domain"
"Pele_DN150334_c1_g2"	"Domain"
"Pele_DN150362_c0_g1"	"Domain"
"Pele_DN150378_c1_g14"	"Domain"
"Pele_DN150393_c0_g1"	"Domain"
"Pele_DN150449_c1_g3"	"Domain"
"Pele_DN150499_c0_g1"	"Domain"
"Pele_DN150542_c0_g1"	"Domain"
"Pele_DN150602_c0_g1"	"Domain"
"Pele_DN150679_c2_g2"	"Domain"
"Pele_DN150740_c0_g1"	"Domain"
"Pele_DN150767_c0_g1"	"Domain"
"Pele_DN150792_c1_g1"	"Domain"
"Pele_DN150813_c0_g1"	"Domain"
"Pele_DN150904_c0_g7"	"Domain"
"Pele_DN150926_c1_g7"	"Domain"
"Pele_DN150948_c0_g1"	"Domain"
"Pele_DN151003_c0_g1"	"Domain"
"Pele_DN151044_c1_g1"	"Domain"
"Pele_DN15104_c0_g1"	"Domain"
"Pele_DN151083_c2_g1"	"Domain"
"Pele_DN151085_c4_g2"	"Domain"
"Pele_DN151085_c4_g3"	"Domain"
"Pele_DN151130_c1_g4"	"Domain"
"Pele_DN151154_c0_g1"	"Domain"
"Pele_DN151185_c3_g3"	"Domain"
"Pele_DN151234_c1_g3"	"Domain"
"Pele_DN151263_c1_g1"	"Domain"
"Pele_DN151292_c1_g1"	"Domain"
"Pele_DN151326_c2_g9"	"Domain"
"Pele_DN151431_c1_g3"	"Domain"
"Pele_DN151483_c0_g1"	"Domain"
"Pele_DN151554_c0_g2"	"Domain"
"Pele_DN151569_c3_g1"	"Domain"
"Pele_DN151569_c3_g2"	"Domain"
"Pele_DN151644_c2_g1"	"Domain"
"Pele_DN151720_c1_g1"	"Domain"
"Pele_DN151725_c0_g2"	"Domain"
"Pele_DN151800_c0_g2"	"Domain"
"Pele_DN151823_c2_g2"	"Domain"
"Pele_DN151877_c1_g4"	"Domain"
"Pele_DN151914_c1_g3"	"Domain"
"Pele_DN152152_c1_g9"	"Domain"
"Pele_DN152179_c1_g3"	"Domain"
"Pele_DN152187_c3_g2"	"Domain"
"Pele_DN152188_c1_g3"	"Domain"
"Pele_DN152192_c2_g2"	"Domain"
"Pele_DN152193_c0_g1"	"Domain"
"Pele_DN152237_c5_g2"	"Domain"
"Pele_DN152256_c3_g8"	"Domain"
"Pele_DN152293_c0_g4"	"Domain"
"Pele_DN152296_c0_g1"	"Domain"
"Pele_DN152301_c2_g1"	"Domain"
"Pele_DN15235_c0_g1"	"Domain"
"Pele_DN152379_c0_g1"	"Domain"
"Pele_DN152403_c3_g3"	"Domain"
"Pele_DN152457_c1_g2"	"Domain"
"Pele_DN152499_c0_g3"	"Domain"
"Pele_DN152513_c0_g2"	"Domain"
"Pele_DN152540_c3_g1"	"Domain"
"Pele_DN152545_c1_g2"	"Domain"
"Pele_DN152610_c0_g2"	"Domain"
"Pele_DN152661_c0_g1"	"Domain"
"Pele_DN152669_c0_g2"	"Domain"
"Pele_DN152709_c0_g1"	"Domain"
"Pele_DN152798_c0_g1"	"Domain"
"Pele_DN152844_c1_g1"	"Domain"
"Pele_DN152851_c3_g4"	"Domain"
"Pele_DN152909_c1_g14"	"Domain"
"Pele_DN152979_c0_g1"	"Domain"
"Pele_DN152979_c1_g3"	"Domain"
"Pele_DN152992_c4_g2"	"Domain"
"Pele_DN153010_c0_g1"	"Domain"
"Pele_DN153017_c3_g1"	"Domain"
"Pele_DN153033_c2_g2"	"Domain"
"Pele_DN153078_c2_g2"	"Domain"
"Pele_DN153108_c0_g1"	"Domain"
"Pele_DN153151_c5_g4"	"Domain"
"Pele_DN153228_c0_g1"	"Domain"
"Pele_DN153264_c2_g1"	"Domain"
"Pele_DN153291_c0_g1"	"Domain"
"Pele_DN153316_c0_g1"	"Domain"
"Pele_DN153381_c0_g1"	"Domain"
"Pele_DN153386_c0_g3"	"Domain"
"Pele_DN153424_c0_g1"	"Domain"
"Pele_DN153430_c1_g4"	"Domain"
"Pele_DN153461_c1_g3"	"Domain"
"Pele_DN153488_c0_g1"	"Domain"
"Pele_DN153520_c0_g2"	"Domain"
"Pele_DN153557_c5_g2"	"Domain"
"Pele_DN153591_c1_g11"	"Domain"
"Pele_DN153631_c3_g8"	"Domain"
"Pele_DN153663_c3_g8"	"Domain"
"Pele_DN153745_c0_g5"	"Domain"
"Pele_DN153766_c0_g7"	"Domain"
"Pele_DN153870_c3_g14"	"Domain"
"Pele_DN153871_c1_g1"	"Domain"
"Pele_DN153937_c0_g6"	"Domain"
"Pele_DN153946_c1_g2"	"Domain"
"Pele_DN153948_c0_g4"	"Domain"
"Pele_DN153959_c0_g1"	"Domain"
"Pele_DN153974_c0_g11"	"Domain"
"Pele_DN153977_c1_g1"	"Domain"
"Pele_DN154017_c0_g1"	"Domain"
"Pele_DN154028_c0_g3"	"Domain"
"Pele_DN154094_c0_g1"	"Domain"
"Pele_DN154103_c3_g4"	"Domain"
"Pele_DN154155_c1_g2"	"Domain"
"Pele_DN154249_c0_g1"	"Domain"
"Pele_DN154320_c0_g10"	"Domain"
"Pele_DN154345_c0_g2"	"Domain"
"Pele_DN154357_c0_g4"	"Domain"
"Pele_DN154366_c0_g2"	"Domain"
"Pele_DN154395_c0_g5"	"Domain"
"Pele_DN154405_c1_g1"	"Domain"
"Pele_DN154412_c1_g3"	"Domain"
"Pele_DN154413_c4_g1"	"Domain"
"Pele_DN154440_c0_g5"	"Domain"
"Pele_DN154462_c4_g1"	"Domain"
"Pele_DN154498_c0_g4"	"Domain"
"Pele_DN154577_c0_g4"	"Domain"
"Pele_DN154578_c0_g2"	"Domain"
"Pele_DN154580_c1_g1"	"Domain"
"Pele_DN154597_c0_g5"	"Domain"
"Pele_DN154626_c0_g1"	"Domain"
"Pele_DN154672_c1_g3"	"Domain"
"Pele_DN154690_c1_g3"	"Domain"
"Pele_DN154718_c2_g1"	"Domain"
"Pele_DN154764_c1_g2"	"Domain"
"Pele_DN154779_c0_g2"	"Domain"
"Pele_DN154784_c0_g1"	"Domain"
"Pele_DN154792_c0_g1"	"Domain"
"Pele_DN154793_c0_g1"	"Domain"
"Pele_DN154825_c0_g1"	"Domain"
"Pele_DN154872_c1_g2"	"Domain"
"Pele_DN154925_c3_g4"	"Domain"
"Pele_DN154962_c1_g2"	"Domain"
"Pele_DN155043_c0_g1"	"Domain"
"Pele_DN155126_c0_g1"	"Domain"
"Pele_DN155133_c2_g2"	"Domain"
"Pele_DN155246_c0_g1"	"Domain"
"Pele_DN155282_c1_g1"	"Domain"
"Pele_DN155293_c1_g1"	"Domain"
"Pele_DN155438_c0_g1"	"Domain"
"Pele_DN155521_c0_g1"	"Domain"
"Pele_DN155567_c4_g1"	"Domain"
"Pele_DN155588_c0_g1"	"Domain"
"Pele_DN155623_c0_g1"	"Domain"
"Pele_DN155653_c0_g2"	"Domain"
"Pele_DN155653_c0_g7"	"Domain"
"Pele_DN155688_c0_g1"	"Domain"
"Pele_DN155776_c0_g2"	"Domain"
"Pele_DN155780_c0_g3"	"Domain"
"Pele_DN155781_c0_g2"	"Domain"
"Pele_DN155805_c1_g6"	"Domain"
"Pele_DN155832_c1_g3"	"Domain"
"Pele_DN155901_c0_g4"	"Domain"
"Pele_DN155913_c1_g1"	"Domain"
"Pele_DN155929_c3_g4"	"Domain"
"Pele_DN155951_c0_g3"	"Domain"
"Pele_DN156005_c0_g19"	"Domain"
"Pele_DN156048_c1_g13"	"Domain"
"Pele_DN156051_c0_g3"	"Domain"
"Pele_DN156104_c6_g2"	"Domain"
"Pele_DN156105_c0_g1"	"Domain"
"Pele_DN156158_c3_g14"	"Domain"
"Pele_DN156158_c3_g8"	"Domain"
"Pele_DN156167_c0_g2"	"Domain"
"Pele_DN156173_c0_g1"	"Domain"
"Pele_DN156189_c0_g1"	"Domain"
"Pele_DN156213_c0_g3"	"Domain"
"Pele_DN156277_c1_g3"	"Domain"
"Pele_DN156284_c0_g2"	"Domain"
"Pele_DN156335_c0_g3"	"Domain"
"Pele_DN156386_c1_g1"	"Domain"
"Pele_DN156391_c0_g2"	"Domain"
"Pele_DN156406_c1_g2"	"Domain"
"Pele_DN156423_c0_g4"	"Domain"
"Pele_DN156476_c2_g2"	"Domain"
"Pele_DN156541_c0_g2"	"Domain"
"Pele_DN156543_c0_g8"	"Domain"
"Pele_DN156554_c0_g1"	"Domain"
"Pele_DN156558_c2_g1"	"Domain"
"Pele_DN156616_c1_g2"	"Domain"
"Pele_DN156659_c0_g1"	"Domain"
"Pele_DN156697_c3_g1"	"Domain"
"Pele_DN156781_c0_g1"	"Domain"
"Pele_DN156789_c4_g1"	"Domain"
"Pele_DN156817_c1_g3"	"Domain"
"Pele_DN156827_c0_g2"	"Domain"
"Pele_DN156836_c5_g5"	"Domain"
"Pele_DN156850_c0_g2"	"Domain"
"Pele_DN156894_c2_g1"	"Domain"
"Pele_DN156916_c1_g5"	"Domain"
"Pele_DN156931_c0_g3"	"Domain"
"Pele_DN156971_c3_g1"	"Domain"
"Pele_DN157021_c0_g2"	"Domain"
"Pele_DN157059_c0_g1"	"Domain"
"Pele_DN157093_c0_g1"	"Domain"
"Pele_DN157119_c1_g1"	"Domain"
"Pele_DN157140_c2_g1"	"Domain"
"Pele_DN157153_c0_g7"	"Domain"
"Pele_DN157221_c2_g3"	"Domain"
"Pele_DN157224_c2_g1"	"Domain"
"Pele_DN157231_c1_g3"	"Domain"
"Pele_DN157267_c3_g2"	"Domain"
"Pele_DN157279_c0_g1"	"Domain"
"Pele_DN157301_c0_g1"	"Domain"
"Pele_DN157350_c0_g3"	"Domain"
"Pele_DN157408_c2_g2"	"Domain"
"Pele_DN157514_c2_g3"	"Domain"
"Pele_DN157534_c0_g1"	"Domain"
"Pele_DN157538_c1_g3"	"Domain"
"Pele_DN157542_c0_g1"	"Domain"
"Pele_DN157568_c0_g9"	"Domain"
"Pele_DN157633_c1_g2"	"Domain"
"Pele_DN157644_c1_g9"	"Domain"
"Pele_DN157652_c0_g3"	"Domain"
"Pele_DN157722_c0_g2"	"Domain"
"Pele_DN157728_c1_g2"	"Domain"
"Pele_DN157822_c0_g1"	"Domain"
"Pele_DN157855_c0_g2"	"Domain"
"Pele_DN157912_c1_g1"	"Domain"
"Pele_DN157913_c1_g3"	"Domain"
"Pele_DN157914_c0_g2"	"Domain"
"Pele_DN157931_c1_g1"	"Domain"
"Pele_DN158041_c2_g3"	"Domain"
"Pele_DN158103_c0_g5"	"Domain"
"Pele_DN158304_c2_g2"	"Domain"
"Pele_DN158332_c2_g6"	"Domain"
"Pele_DN158352_c1_g8"	"Domain"
"Pele_DN158389_c2_g1"	"Domain"
"Pele_DN158397_c2_g1"	"Domain"
"Pele_DN15840_c0_g1"	"Domain"
"Pele_DN158452_c0_g2"	"Domain"
"Pele_DN158452_c0_g3"	"Domain"
"Pele_DN158460_c0_g1"	"Domain"
"Pele_DN158586_c3_g4"	"Domain"
"Pele_DN158589_c2_g1"	"Domain"
"Pele_DN158600_c1_g9"	"Domain"
"Pele_DN158651_c1_g1"	"Domain"
"Pele_DN158659_c0_g4"	"Domain"
"Pele_DN158763_c0_g7"	"Domain"
"Pele_DN158775_c3_g1"	"Domain"
"Pele_DN158898_c1_g2"	"Domain"
"Pele_DN158931_c2_g3"	"Domain"
"Pele_DN158939_c1_g2"	"Domain"
"Pele_DN158962_c2_g2"	"Domain"
"Pele_DN159003_c0_g1"	"Domain"
"Pele_DN159034_c0_g2"	"Domain"
"Pele_DN159055_c6_g24"	"Domain"
"Pele_DN159123_c0_g1"	"Domain"
"Pele_DN159140_c0_g1"	"Domain"
"Pele_DN159203_c2_g4"	"Domain"
"Pele_DN159287_c0_g4"	"Domain"
"Pele_DN159297_c2_g5"	"Domain"
"Pele_DN159404_c0_g1"	"Domain"
"Pele_DN159513_c2_g6"	"Domain"
"Pele_DN159529_c3_g8"	"Domain"
"Pele_DN159530_c6_g6"	"Domain"
"Pele_DN159552_c7_g3"	"Domain"
"Pele_DN159582_c3_g14"	"Domain"
"Pele_DN159605_c1_g6"	"Domain"
"Pele_DN159654_c1_g4"	"Domain"
"Pele_DN159700_c0_g4"	"Domain"
"Pele_DN159737_c10_g8"	"Domain"
"Pele_DN159839_c0_g1"	"Domain"
"Pele_DN159864_c3_g6"	"Domain"
"Pele_DN159883_c2_g3"	"Domain"
"Pele_DN159936_c0_g3"	"Domain"
"Pele_DN159946_c3_g1"	"Domain"
"Pele_DN159977_c2_g5"	"Domain"
"Pele_DN160047_c1_g1"	"Domain"
"Pele_DN160056_c1_g8"	"Domain"
"Pele_DN160067_c11_g1"	"Domain"
"Pele_DN160074_c0_g2"	"Domain"
"Pele_DN160154_c1_g3"	"Domain"
"Pele_DN160166_c0_g1"	"Domain"
"Pele_DN160225_c1_g4"	"Domain"
"Pele_DN160241_c8_g20"	"Domain"
"Pele_DN160279_c11_g1"	"Domain"
"Pele_DN160283_c2_g1"	"Domain"
"Pele_DN160351_c1_g2"	"Domain"
"Pele_DN160387_c0_g1"	"Domain"
"Pele_DN160398_c2_g1"	"Domain"
"Pele_DN160432_c6_g1"	"Domain"
"Pele_DN160470_c2_g1"	"Domain"
"Pele_DN160528_c2_g2"	"Domain"
"Pele_DN160536_c4_g1"	"Domain"
"Pele_DN160618_c9_g2"	"Domain"
"Pele_DN160632_c13_g2"	"Domain"
"Pele_DN163294_c0_g2"	"Domain"
"Pele_DN166552_c0_g1"	"Domain"
"Pele_DN167225_c0_g1"	"Domain"
"Pele_DN168572_c0_g1"	"Domain"
"Pele_DN174741_c0_g1"	"Domain"
"Pele_DN175357_c0_g1"	"Domain"
"Pele_DN175776_c0_g1"	"Domain"
"Pele_DN18254_c0_g1"	"Domain"
"Pele_DN184503_c0_g1"	"Domain"
"Pele_DN18775_c0_g2"	"Domain"
"Pele_DN19292_c0_g1"	"Domain"
"Pele_DN198322_c0_g1"	"Domain"
"Pele_DN199538_c0_g1"	"Domain"
"Pele_DN199754_c0_g1"	"Domain"
"Pele_DN200038_c0_g1"	"Domain"
"Pele_DN200475_c0_g1"	"Domain"
"Pele_DN201676_c0_g1"	"Domain"
"Pele_DN205013_c0_g1"	"Domain"
"Pele_DN205460_c0_g1"	"Domain"
"Pele_DN20919_c0_g3"	"Domain"
"Pele_DN214006_c0_g1"	"Domain"
"Pele_DN2211_c0_g2"	"Domain"
"Pele_DN222653_c0_g1"	"Domain"
"Pele_DN225760_c0_g1"	"Domain"
"Pele_DN234901_c0_g1"	"Domain"
"Pele_DN235114_c0_g1"	"Domain"
"Pele_DN235385_c0_g1"	"Domain"
"Pele_DN246376_c0_g1"	"Domain"
"Pele_DN249407_c0_g1"	"Domain"
"Pele_DN249572_c0_g1"	"Domain"
"Pele_DN274008_c0_g1"	"Domain"
"Pele_DN276278_c0_g1"	"Domain"
"Pele_DN27989_c0_g1"	"Domain"
"Pele_DN280121_c0_g1"	"Domain"
"Pele_DN281402_c0_g1"	"Domain"
"Pele_DN28412_c0_g2"	"Domain"
"Pele_DN286393_c0_g1"	"Domain"
"Pele_DN2898_c0_g1"	"Domain"
"Pele_DN293854_c0_g1"	"Domain"
"Pele_DN30950_c0_g1"	"Domain"
"Pele_DN310375_c0_g1"	"Domain"
"Pele_DN31045_c0_g1"	"Domain"
"Pele_DN315282_c0_g1"	"Domain"
"Pele_DN31915_c0_g2"	"Domain"
"Pele_DN323322_c0_g1"	"Domain"
"Pele_DN323901_c0_g1"	"Domain"
"Pele_DN32453_c0_g1"	"Domain"
"Pele_DN330068_c0_g1"	"Domain"
"Pele_DN33051_c0_g1"	"Domain"
"Pele_DN331574_c0_g1"	"Domain"
"Pele_DN33526_c0_g1"	"Domain"
"Pele_DN33862_c0_g1"	"Domain"
"Pele_DN33880_c0_g1"	"Domain"
"Pele_DN348422_c0_g1"	"Domain"
"Pele_DN349388_c0_g1"	"Domain"
"Pele_DN351499_c0_g1"	"Domain"
"Pele_DN35590_c0_g1"	"Domain"
"Pele_DN358702_c0_g1"	"Domain"
"Pele_DN36187_c0_g1"	"Domain"
"Pele_DN36846_c0_g2"	"Domain"
"Pele_DN37146_c0_g1"	"Domain"
"Pele_DN3903_c0_g2"	"Domain"
"Pele_DN40116_c0_g1"	"Domain"
"Pele_DN42060_c0_g2"	"Domain"
"Pele_DN4379_c0_g1"	"Domain"
"Pele_DN4379_c0_g2"	"Domain"
"Pele_DN44942_c0_g1"	"Domain"
"Pele_DN44942_c0_g2"	"Domain"
"Pele_DN45798_c0_g1"	"Domain"
"Pele_DN46620_c0_g1"	"Domain"
"Pele_DN46926_c0_g1"	"Domain"
"Pele_DN4733_c0_g1"	"Domain"
"Pele_DN47552_c0_g1"	"Domain"
"Pele_DN48328_c0_g1"	"Domain"
"Pele_DN48940_c0_g1"	"Domain"
"Pele_DN50335_c0_g2"	"Domain"
"Pele_DN50592_c0_g3"	"Domain"
"Pele_DN50809_c0_g1"	"Domain"
"Pele_DN52224_c0_g1"	"Domain"
"Pele_DN52734_c0_g1"	"Domain"
"Pele_DN528_c0_g1"	"Domain"
"Pele_DN53236_c0_g1"	"Domain"
"Pele_DN53382_c0_g1"	"Domain"
"Pele_DN53707_c0_g1"	"Domain"
"Pele_DN53912_c0_g1"	"Domain"
"Pele_DN54206_c0_g1"	"Domain"
"Pele_DN55413_c0_g1"	"Domain"
"Pele_DN5545_c0_g1"	"Domain"
"Pele_DN56637_c0_g1"	"Domain"
"Pele_DN56829_c0_g1"	"Domain"
"Pele_DN57568_c0_g2"	"Domain"
"Pele_DN57815_c0_g1"	"Domain"
"Pele_DN57991_c0_g1"	"Domain"
"Pele_DN58165_c0_g1"	"Domain"
"Pele_DN59310_c0_g1"	"Domain"
"Pele_DN594_c0_g1"	"Domain"
"Pele_DN59966_c0_g1"	"Domain"
"Pele_DN60167_c0_g1"	"Domain"
"Pele_DN60320_c0_g1"	"Domain"
"Pele_DN60545_c0_g1"	"Domain"
"Pele_DN60941_c0_g2"	"Domain"
"Pele_DN61628_c0_g2"	"Domain"
"Pele_DN61736_c0_g1"	"Domain"
"Pele_DN63002_c0_g1"	"Domain"
"Pele_DN63478_c0_g1"	"Domain"
"Pele_DN635_c0_g1"	"Domain"
"Pele_DN63614_c0_g1"	"Domain"
"Pele_DN63840_c0_g1"	"Domain"
"Pele_DN64604_c0_g1"	"Domain"
"Pele_DN65428_c0_g1"	"Domain"
"Pele_DN654_c0_g1"	"Domain"
"Pele_DN65657_c0_g1"	"Domain"
"Pele_DN65973_c0_g1"	"Domain"
"Pele_DN66783_c0_g1"	"Domain"
"Pele_DN67227_c0_g3"	"Domain"
"Pele_DN67552_c0_g2"	"Domain"
"Pele_DN67999_c0_g1"	"Domain"
"Pele_DN68443_c0_g1"	"Domain"
"Pele_DN68464_c0_g2"	"Domain"
"Pele_DN68558_c0_g1"	"Domain"
"Pele_DN6855_c0_g2"	"Domain"
"Pele_DN68853_c0_g2"	"Domain"
"Pele_DN69156_c0_g1"	"Domain"
"Pele_DN69706_c0_g1"	"Domain"
"Pele_DN70328_c0_g1"	"Domain"
"Pele_DN71921_c0_g1"	"Domain"
"Pele_DN72888_c0_g1"	"Domain"
"Pele_DN74154_c0_g1"	"Domain"
"Pele_DN74675_c0_g2"	"Domain"
"Pele_DN753_c0_g1"	"Domain"
"Pele_DN76063_c0_g1"	"Domain"
"Pele_DN76275_c0_g2"	"Domain"
"Pele_DN76472_c0_g1"	"Domain"
"Pele_DN76527_c0_g1"	"Domain"
"Pele_DN77306_c0_g1"	"Domain"
"Pele_DN77465_c0_g2"	"Domain"
"Pele_DN77639_c0_g1"	"Domain"
"Pele_DN77867_c0_g1"	"Domain"
"Pele_DN78622_c0_g1"	"Domain"
"Pele_DN79193_c0_g1"	"Domain"
"Pele_DN79421_c0_g1"	"Domain"
"Pele_DN79678_c0_g1"	"Domain"
"Pele_DN79795_c0_g1"	"Domain"
"Pele_DN80741_c0_g1"	"Domain"
"Pele_DN81052_c0_g1"	"Domain"
"Pele_DN81527_c0_g1"	"Domain"
"Pele_DN81870_c0_g1"	"Domain"
"Pele_DN82296_c0_g1"	"Domain"
"Pele_DN82354_c0_g1"	"Domain"
"Pele_DN82503_c0_g1"	"Domain"
"Pele_DN83988_c0_g1"	"Domain"
"Pele_DN84087_c0_g1"	"Domain"
"Pele_DN86202_c0_g1"	"Domain"
"Pele_DN86562_c0_g1"	"Domain"
"Pele_DN86870_c0_g1"	"Domain"
"Pele_DN86982_c0_g1"	"Domain"
"Pele_DN88215_c0_g1"	"Domain"
"Pele_DN88579_c0_g1"	"Domain"
"Pele_DN88683_c0_g2"	"Domain"
"Pele_DN88902_c0_g1"	"Domain"
"Pele_DN9040_c0_g1"	"Domain"
"Pele_DN90736_c0_g1"	"Domain"
"Pele_DN90970_c0_g1"	"Domain"
"Pele_DN91133_c0_g1"	"Domain"
"Pele_DN91264_c0_g1"	"Domain"
"Pele_DN91366_c0_g3"	"Domain"
"Pele_DN91445_c0_g1"	"Domain"
"Pele_DN91484_c0_g1"	"Domain"
"Pele_DN9163_c0_g1"	"Domain"
"Pele_DN91987_c0_g1"	"Domain"
"Pele_DN92032_c0_g2"	"Domain"
"Pele_DN92135_c0_g1"	"Domain"
"Pele_DN93855_c0_g1"	"Domain"
"Pele_DN93910_c0_g1"	"Domain"
"Pele_DN94291_c0_g1"	"Domain"
"Pele_DN94579_c0_g2"	"Domain"
"Pele_DN95246_c0_g1"	"Domain"
"Pele_DN95251_c0_g1"	"Domain"
"Pele_DN95278_c0_g1"	"Domain"
"Pele_DN95563_c0_g1"	"Domain"
"Pele_DN95648_c0_g1"	"Domain"
"Pele_DN9625_c0_g1"	"Domain"
"Pele_DN9669_c0_g1"	"Domain"
"Pele_DN97063_c0_g1"	"Domain"
"Pele_DN9761_c0_g1"	"Domain"
"Pele_DN9761_c0_g2"	"Domain"
"Pele_DN98504_c0_g3"	"Domain"
"Pele_DN98689_c0_g1"	"Domain"
"Pele_DN99107_c0_g1"	"Domain"
"Pele_DN99657_c0_g1"	"Domain"
"Pele_DN99671_c0_g1"	"Domain"
"Pele_DN99790_c0_g1"	"Domain"
